Symbol,Date,Open,High,Low,Close
SPGSCITR:IND,10-11-2020,1791.842,1791.842,1791.842,1791.842
SPGSCITR:IND,09-11-2020,1757.996,1757.996,1757.996,1757.996
SPGSCITR:IND,06-11-2020,1704.654,1704.654,1704.654,1704.654
SPGSCITR:IND,05-11-2020,1734.126,1734.126,1734.126,1734.126
SPGSCITR:IND,04-11-2020,1733.583,1733.583,1733.583,1733.583
SPGSCITR:IND,03-11-2020,1702.692,1702.692,1702.692,1702.692
SPGSCITR:IND,02-11-2020,1685.698,1685.698,1685.698,1685.698
SPGSCITR:IND,30-10-2020,1665.082,1665.082,1665.082,1665.082
SPGSCITR:IND,29-10-2020,1666.958,1666.958,1666.958,1666.958
SPGSCITR:IND,28-10-2020,1693.31,1693.31,1693.31,1693.31
SPGSCITR:IND,27-10-2020,1745.585,1745.585,1745.585,1745.585
SPGSCITR:IND,26-10-2020,1725.442,1725.442,1725.442,1725.442
SPGSCITR:IND,23-10-2020,1752.94,1752.94,1752.94,1752.94
SPGSCITR:IND,22-10-2020,1766.204,1766.204,1766.204,1766.204
SPGSCITR:IND,21-10-2020,1759.465,1759.465,1759.465,1759.465
SPGSCITR:IND,20-10-2020,1782.328,1782.328,1782.328,1782.328
SPGSCITR:IND,19-10-2020,1769.38,1769.38,1769.38,1769.38
SPGSCITR:IND,16-10-2020,1771.655,1771.655,1771.655,1771.655
SPGSCITR:IND,15-10-2020,1774.642,1774.642,1774.642,1774.642
SPGSCITR:IND,14-10-2020,1769.682,1769.682,1769.682,1769.682
SPGSCITR:IND,13-10-2020,1751.137,1751.137,1751.137,1751.137
SPGSCITR:IND,12-10-2020,1741.288,1741.288,1741.288,1741.288
SPGSCITR:IND,09-10-2020,1767.723,1767.723,1767.723,1767.723
SPGSCITR:IND,08-10-2020,1763.643,1763.643,1763.643,1763.643
SPGSCITR:IND,07-10-2020,1739.479,1739.479,1739.479,1739.479
SPGSCITR:IND,06-10-2020,1744.396,1744.396,1744.396,1744.396
SPGSCITR:IND,05-10-2020,1713.021,1713.021,1713.021,1713.021
SPGSCITR:IND,02-10-2020,1664.184,1664.184,1664.184,1664.184
SPGSCITR:IND,01-10-2020,1693.712,1693.712,1693.712,1693.712
SPGSCITR:IND,30-09-2020,1726.81,1726.81,1726.81,1726.81
SPGSCITR:IND,29-09-2020,1700.685,1700.685,1700.685,1700.685
SPGSCITR:IND,28-09-2020,1728.707,1728.707,1728.707,1728.707
SPGSCITR:IND,25-09-2020,1717.179,1717.179,1717.179,1717.179
SPGSCITR:IND,24-09-2020,1718.337,1718.337,1718.337,1718.337
SPGSCITR:IND,23-09-2020,1714.707,1714.707,1714.707,1714.707
SPGSCITR:IND,22-09-2020,1715.838,1715.838,1715.838,1715.838
SPGSCITR:IND,21-09-2020,1712.884,1712.884,1712.884,1712.884
SPGSCITR:IND,18-09-2020,1765.478,1765.478,1765.478,1765.478
SPGSCITR:IND,17-09-2020,1756.596,1756.596,1756.596,1756.596
SPGSCITR:IND,16-09-2020,1735.68,1735.68,1735.68,1735.68
SPGSCITR:IND,15-09-2020,1701.903,1701.903,1701.903,1701.903
SPGSCITR:IND,14-09-2020,1688.833,1688.833,1688.833,1688.833
SPGSCITR:IND,11-09-2020,1686.429,1686.429,1686.429,1686.429
SPGSCITR:IND,10-09-2020,1684.862,1684.862,1684.862,1684.862
SPGSCITR:IND,09-09-2020,1696.326,1696.326,1696.326,1696.326
SPGSCITR:IND,08-09-2020,1673.753,1673.753,1673.753,1673.753
SPGSCITR:IND,07-09-2020,1736.5,1736.5,1736.5,1736.5
SPGSCITR:IND,04-09-2020,1736.5,1736.5,1736.5,1736.5
SPGSCITR:IND,03-09-2020,1755.255,1755.255,1755.255,1755.255
SPGSCITR:IND,02-09-2020,1769.577,1769.577,1769.577,1769.577
SPGSCITR:IND,01-09-2020,1799.764,1799.764,1799.764,1799.764
SPGSCITR:IND,31-08-2020,1792.028,1792.028,1792.028,1792.028
SPGSCITR:IND,28-08-2020,1800.706,1800.706,1800.706,1800.706
SPGSCITR:IND,27-08-2020,1795.103,1795.103,1795.103,1795.103
SPGSCITR:IND,26-08-2020,1800.325,1800.325,1800.325,1800.325
SPGSCITR:IND,25-08-2020,1801.147,1801.147,1801.147,1801.147
SPGSCITR:IND,24-08-2020,1781.825,1781.825,1781.825,1781.825
SPGSCITR:IND,21-08-2020,1767.734,1767.734,1767.734,1767.734
SPGSCITR:IND,20-08-2020,1782.472,1782.472,1782.472,1782.472
SPGSCITR:IND,19-08-2020,1793.583,1793.583,1793.583,1793.583
SPGSCITR:IND,18-08-2020,1792.043,1792.043,1792.043,1792.043
SPGSCITR:IND,17-08-2020,1786.962,1786.962,1786.962,1786.962
SPGSCITR:IND,14-08-2020,1761.726,1761.726,1761.726,1761.726
SPGSCITR:IND,13-08-2020,1761.114,1761.114,1761.114,1761.114
SPGSCITR:IND,12-08-2020,1762.904,1762.904,1762.904,1762.904
SPGSCITR:IND,11-08-2020,1742.002,1742.002,1742.002,1742.002
SPGSCITR:IND,10-08-2020,1753.294,1753.294,1753.294,1753.294
SPGSCITR:IND,07-08-2020,1737.705,1737.705,1737.705,1737.705
SPGSCITR:IND,06-08-2020,1761.182,1761.182,1761.182,1761.182
SPGSCITR:IND,05-08-2020,1766.333,1766.333,1766.333,1766.333
SPGSCITR:IND,04-08-2020,1747.998,1747.998,1747.998,1747.998
SPGSCITR:IND,03-08-2020,1738.12,1738.12,1738.12,1738.12
SPGSCITR:IND,31-07-2020,1713.464,1713.464,1713.464,1713.464
SPGSCITR:IND,30-07-2020,1703.085,1703.085,1703.085,1703.085
SPGSCITR:IND,29-07-2020,1731.383,1731.383,1731.383,1731.383
SPGSCITR:IND,28-07-2020,1721.218,1721.218,1721.218,1721.218
SPGSCITR:IND,27-07-2020,1727.245,1727.245,1727.245,1727.245
SPGSCITR:IND,24-07-2020,1724.447,1724.447,1724.447,1724.447
SPGSCITR:IND,23-07-2020,1722.692,1722.692,1722.692,1722.692
SPGSCITR:IND,22-07-2020,1732.834,1732.834,1732.834,1732.834
SPGSCITR:IND,21-07-2020,1730.457,1730.457,1730.457,1730.457
SPGSCITR:IND,20-07-2020,1700.685,1700.685,1700.685,1700.685
SPGSCITR:IND,17-07-2020,1701.475,1701.475,1701.475,1701.475
SPGSCITR:IND,16-07-2020,1705.729,1705.729,1705.729,1705.729
SPGSCITR:IND,15-07-2020,1714.04,1714.04,1714.04,1714.04
SPGSCITR:IND,14-07-2020,1692.841,1692.841,1692.841,1692.841
SPGSCITR:IND,13-07-2020,1697.36,1697.36,1697.36,1697.36
SPGSCITR:IND,10-07-2020,1707.727,1707.727,1707.727,1707.727
SPGSCITR:IND,09-07-2020,1689.329,1689.329,1689.329,1689.329
SPGSCITR:IND,08-07-2020,1708.508,1708.508,1708.508,1708.508
SPGSCITR:IND,07-07-2020,1700.014,1700.014,1700.014,1700.014
SPGSCITR:IND,06-07-2020,1695.444,1695.444,1695.444,1695.444
SPGSCITR:IND,03-07-2020,1688.218,1688.218,1688.218,1688.218
SPGSCITR:IND,02-07-2020,1688.218,1688.218,1688.218,1688.218
SPGSCITR:IND,01-07-2020,1667.291,1667.291,1667.291,1667.291
SPGSCITR:IND,30-06-2020,1650.79,1650.79,1650.79,1650.79
SPGSCITR:IND,29-06-2020,1645.871,1645.871,1645.871,1645.871
SPGSCITR:IND,26-06-2020,1613.277,1613.277,1613.277,1613.277
SPGSCITR:IND,25-06-2020,1624.058,1624.058,1624.058,1624.058
SPGSCITR:IND,24-06-2020,1617.994,1617.994,1617.994,1617.994
SPGSCITR:IND,23-06-2020,1672.497,1672.497,1672.497,1672.497
SPGSCITR:IND,22-06-2020,1676.858,1676.858,1676.858,1676.858
SPGSCITR:IND,19-06-2020,1661.654,1661.654,1661.654,1661.654
SPGSCITR:IND,18-06-2020,1645.201,1645.201,1645.201,1645.201
SPGSCITR:IND,17-06-2020,1631.167,1631.167,1631.167,1631.167
SPGSCITR:IND,16-06-2020,1634.6,1634.6,1634.6,1634.6
SPGSCITR:IND,15-06-2020,1608.664,1608.664,1608.664,1608.664
SPGSCITR:IND,12-06-2020,1593.828,1593.828,1593.828,1593.828
SPGSCITR:IND,11-06-2020,1596.435,1596.435,1596.435,1596.435
SPGSCITR:IND,10-06-2020,1663.522,1663.522,1663.522,1663.522
SPGSCITR:IND,09-06-2020,1650.869,1650.869,1650.869,1650.869
SPGSCITR:IND,08-06-2020,1639.79,1639.79,1639.79,1639.79
SPGSCITR:IND,05-06-2020,1662.644,1662.644,1662.644,1662.644
SPGSCITR:IND,04-06-2020,1616.529,1616.529,1616.529,1616.529
SPGSCITR:IND,03-06-2020,1605.801,1605.801,1605.801,1605.801
SPGSCITR:IND,02-06-2020,1599.458,1599.458,1599.458,1599.458
SPGSCITR:IND,01-06-2020,1572.22,1572.22,1572.22,1572.22
SPGSCITR:IND,29-05-2020,1570.824,1570.824,1570.824,1570.824
SPGSCITR:IND,28-05-2020,1532.135,1532.135,1532.135,1532.135
SPGSCITR:IND,27-05-2020,1520.788,1520.788,1520.788,1520.788
SPGSCITR:IND,26-05-2020,1552.487,1552.487,1552.487,1552.487
SPGSCITR:IND,25-05-2020,1523.963,1523.963,1523.963,1523.963
SPGSCITR:IND,22-05-2020,1523.963,1523.963,1523.963,1523.963
SPGSCITR:IND,21-05-2020,1542.36,1542.36,1542.36,1542.36
SPGSCITR:IND,20-05-2020,1542.373,1542.373,1542.373,1542.373
SPGSCITR:IND,19-05-2020,1516.604,1516.604,1516.604,1516.604
SPGSCITR:IND,18-05-2020,1515.973,1515.973,1515.973,1515.973
SPGSCITR:IND,15-05-2020,1458.605,1458.605,1458.605,1458.605
SPGSCITR:IND,14-05-2020,1431.949,1431.949,1431.949,1431.949
SPGSCITR:IND,13-05-2020,1395.901,1395.901,1395.901,1395.901
SPGSCITR:IND,12-05-2020,1424.311,1424.311,1424.311,1424.311
SPGSCITR:IND,11-05-2020,1416.018,1416.018,1416.018,1416.018
SPGSCITR:IND,08-05-2020,1444.227,1444.227,1444.227,1444.227
SPGSCITR:IND,07-05-2020,1418.034,1418.034,1418.034,1418.034
SPGSCITR:IND,06-05-2020,1411.355,1411.355,1411.355,1411.355
SPGSCITR:IND,05-05-2020,1439.796,1439.796,1439.796,1439.796
SPGSCITR:IND,04-05-2020,1360.576,1360.576,1360.576,1360.576
SPGSCITR:IND,01-05-2020,1346.903,1346.903,1346.903,1346.903
SPGSCITR:IND,30-04-2020,1349.817,1349.817,1349.817,1349.817
SPGSCITR:IND,29-04-2020,1291.968,1291.968,1291.968,1291.968
SPGSCITR:IND,28-04-2020,1260.149,1260.149,1260.149,1260.149
SPGSCITR:IND,27-04-2020,1261.379,1261.379,1261.379,1261.379
SPGSCITR:IND,24-04-2020,1321.524,1321.524,1321.524,1321.524
SPGSCITR:IND,23-04-2020,1331.945,1331.945,1331.945,1331.945
SPGSCITR:IND,22-04-2020,1296.096,1296.096,1296.096,1296.096
SPGSCITR:IND,21-04-2020,1249.251,1249.251,1249.251,1249.251
SPGSCITR:IND,20-04-2020,1415.904,1415.904,1415.904,1415.904
SPGSCITR:IND,17-04-2020,1480.896,1480.896,1480.896,1480.896
SPGSCITR:IND,16-04-2020,1481.347,1481.347,1481.347,1481.347
SPGSCITR:IND,15-04-2020,1482.936,1482.936,1482.936,1482.936
SPGSCITR:IND,14-04-2020,1524.482,1524.482,1524.482,1524.482
SPGSCITR:IND,13-04-2020,1558.766,1558.766,1558.766,1558.766
SPGSCITR:IND,10-04-2020,1559.826,1559.826,1559.826,1559.826
SPGSCITR:IND,09-04-2020,1559.826,1559.826,1559.826,1559.826
SPGSCITR:IND,08-04-2020,1584.114,1584.114,1584.114,1584.114
SPGSCITR:IND,07-04-2020,1564.506,1564.506,1564.506,1564.506
SPGSCITR:IND,06-04-2020,1588.877,1588.877,1588.877,1588.877
SPGSCITR:IND,03-04-2020,1610.742,1610.742,1610.742,1610.742
SPGSCITR:IND,02-04-2020,1543.51,1543.51,1543.51,1543.51
SPGSCITR:IND,01-04-2020,1445.109,1445.109,1445.109,1445.109
SPGSCITR:IND,31-03-2020,1494.343,1494.343,1494.343,1494.343
SPGSCITR:IND,30-03-2020,1489.074,1489.074,1489.074,1489.074
SPGSCITR:IND,27-03-2020,1529.411,1529.411,1529.411,1529.411
SPGSCITR:IND,26-03-2020,1556.482,1556.482,1556.482,1556.482
SPGSCITR:IND,25-03-2020,1598.658,1598.658,1598.658,1598.658
SPGSCITR:IND,24-03-2020,1582.281,1582.281,1582.281,1582.281
SPGSCITR:IND,23-03-2020,1541.623,1541.623,1541.623,1541.623
SPGSCITR:IND,20-03-2020,1529.648,1529.648,1529.648,1529.648
SPGSCITR:IND,19-03-2020,1576.104,1576.104,1576.104,1576.104
SPGSCITR:IND,18-03-2020,1467.824,1467.824,1467.824,1467.824
SPGSCITR:IND,17-03-2020,1601.745,1601.745,1601.745,1601.745
SPGSCITR:IND,16-03-2020,1631.746,1631.746,1631.746,1631.746
SPGSCITR:IND,13-03-2020,1745.172,1745.172,1745.172,1745.172
SPGSCITR:IND,12-03-2020,1757.28,1757.28,1757.28,1757.28
SPGSCITR:IND,11-03-2020,1837.357,1837.357,1837.357,1837.357
SPGSCITR:IND,10-03-2020,1875.093,1875.093,1875.093,1875.093
SPGSCITR:IND,09-03-2020,1798.569,1798.569,1798.569,1798.569
SPGSCITR:IND,06-03-2020,2036.994,2036.994,2036.994,2036.994
SPGSCITR:IND,05-03-2020,2158.223,2158.223,2158.223,2158.223
SPGSCITR:IND,04-03-2020,2186.718,2186.718,2186.718,2186.718
SPGSCITR:IND,03-03-2020,2192.246,2192.246,2192.246,2192.246
SPGSCITR:IND,02-03-2020,2178.983,2178.983,2178.983,2178.983
SPGSCITR:IND,28-02-2020,2117.394,2117.394,2117.394,2117.394
SPGSCITR:IND,27-02-2020,2173.155,2173.155,2173.155,2173.155
SPGSCITR:IND,26-02-2020,2222.104,2222.104,2222.104,2222.104
SPGSCITR:IND,25-02-2020,2261.087,2261.087,2261.087,2261.087
SPGSCITR:IND,24-02-2020,2299.064,2299.064,2299.064,2299.064
SPGSCITR:IND,21-02-2020,2365.325,2365.325,2365.325,2365.325
SPGSCITR:IND,20-02-2020,2381.101,2381.101,2381.101,2381.101
SPGSCITR:IND,19-02-2020,2383.445,2383.445,2383.445,2383.445
SPGSCITR:IND,18-02-2020,2352.034,2352.034,2352.034,2352.034
SPGSCITR:IND,17-02-2020,2339.174,2339.174,2339.174,2339.174
SPGSCITR:IND,14-02-2020,2339.174,2339.174,2339.174,2339.174
SPGSCITR:IND,13-02-2020,2325.995,2325.995,2325.995,2325.995
SPGSCITR:IND,12-02-2020,2317.462,2317.462,2317.462,2317.462
SPGSCITR:IND,11-02-2020,2276.182,2276.182,2276.182,2276.182
SPGSCITR:IND,10-02-2020,2265.543,2265.543,2265.543,2265.543
SPGSCITR:IND,07-02-2020,2292.666,2292.666,2292.666,2292.666
SPGSCITR:IND,06-02-2020,2302.318,2302.318,2302.318,2302.318
SPGSCITR:IND,05-02-2020,2296.776,2296.776,2296.776,2296.776
SPGSCITR:IND,04-02-2020,2261.314,2261.314,2261.314,2261.314
SPGSCITR:IND,03-02-2020,2267.282,2267.282,2267.282,2267.282
SPGSCITR:IND,31-01-2020,2311.294,2311.294,2311.294,2311.294
SPGSCITR:IND,30-01-2020,2330.318,2330.318,2330.318,2330.318
SPGSCITR:IND,29-01-2020,2370.222,2370.222,2370.222,2370.222
SPGSCITR:IND,28-01-2020,2379.877,2379.877,2379.877,2379.877
SPGSCITR:IND,27-01-2020,2367.573,2367.573,2367.573,2367.573
SPGSCITR:IND,24-01-2020,2414.384,2414.384,2414.384,2414.384
SPGSCITR:IND,23-01-2020,2458.14,2458.14,2458.14,2458.14
SPGSCITR:IND,22-01-2020,2487.055,2487.055,2487.055,2487.055
SPGSCITR:IND,21-01-2020,2526.242,2526.242,2526.242,2526.242
SPGSCITR:IND,20-01-2020,2536.32,2536.32,2536.32,2536.32
SPGSCITR:IND,17-01-2020,2536.32,2536.32,2536.32,2536.32
SPGSCITR:IND,16-01-2020,2529.86,2529.86,2529.86,2529.86
SPGSCITR:IND,15-01-2020,2527.426,2527.426,2527.426,2527.426
SPGSCITR:IND,14-01-2020,2540.777,2540.777,2540.777,2540.777
SPGSCITR:IND,13-01-2020,2532.651,2532.651,2532.651,2532.651
SPGSCITR:IND,10-01-2020,2555.867,2555.867,2555.867,2555.867
SPGSCITR:IND,09-01-2020,2558.896,2558.896,2558.896,2558.896
SPGSCITR:IND,08-01-2020,2561.66,2561.66,2561.66,2561.66
SPGSCITR:IND,07-01-2020,2629.072,2629.072,2629.072,2629.072
SPGSCITR:IND,06-01-2020,2642.496,2642.496,2642.496,2642.496
SPGSCITR:IND,03-01-2020,2634.546,2634.546,2634.546,2634.546
SPGSCITR:IND,02-01-2020,2595.65,2595.65,2595.65,2595.65
SPGSCITR:IND,01-01-2020,2591.861,2591.861,2591.861,2591.861
SPGSCITR:IND,31-12-2019,2591.861,2591.861,2591.861,2591.861
SPGSCITR:IND,30-12-2019,2611.709,2611.709,2611.709,2611.709
SPGSCITR:IND,27-12-2019,2615.493,2615.493,2615.493,2615.493
SPGSCITR:IND,26-12-2019,2611.974,2611.974,2611.974,2611.974
SPGSCITR:IND,25-12-2019,2589.704,2589.704,2589.704,2589.704
SPGSCITR:IND,24-12-2019,2589.704,2589.704,2589.704,2589.704
SPGSCITR:IND,23-12-2019,2572.068,2572.068,2572.068,2572.068
SPGSCITR:IND,20-12-2019,2573.27,2573.27,2573.27,2573.27
SPGSCITR:IND,19-12-2019,2583.055,2583.055,2583.055,2583.055
SPGSCITR:IND,18-12-2019,2571.947,2571.947,2571.947,2571.947
SPGSCITR:IND,17-12-2019,2575.947,2575.947,2575.947,2575.947
SPGSCITR:IND,16-12-2019,2559.75,2559.75,2559.75,2559.75
SPGSCITR:IND,13-12-2019,2541.374,2541.374,2541.374,2541.374
SPGSCITR:IND,12-12-2019,2515.093,2515.093,2515.093,2515.093
SPGSCITR:IND,11-12-2019,2493.923,2493.923,2493.923,2493.923
SPGSCITR:IND,10-12-2019,2510.17,2510.17,2510.17,2510.17
SPGSCITR:IND,09-12-2019,2499.806,2499.806,2499.806,2499.806
SPGSCITR:IND,06-12-2019,2504.834,2504.834,2504.834,2504.834
SPGSCITR:IND,05-12-2019,2485.188,2485.188,2485.188,2485.188
SPGSCITR:IND,04-12-2019,2479.681,2479.681,2479.681,2479.681
SPGSCITR:IND,03-12-2019,2432.223,2432.223,2432.223,2432.223
SPGSCITR:IND,02-12-2019,2432.367,2432.367,2432.367,2432.367
SPGSCITR:IND,29-11-2019,2422.573,2422.573,2422.573,2422.573
SPGSCITR:IND,28-11-2019,2488.357,2488.357,2488.357,2488.357
SPGSCITR:IND,27-11-2019,2488.357,2488.357,2488.357,2488.357
SPGSCITR:IND,26-11-2019,2498.445,2498.445,2498.445,2498.445
SPGSCITR:IND,25-11-2019,2486.258,2486.258,2486.258,2486.258
SPGSCITR:IND,22-11-2019,2479.501,2479.501,2479.501,2479.501
SPGSCITR:IND,21-11-2019,2490.581,2490.581,2490.581,2490.581
SPGSCITR:IND,20-11-2019,2458.245,2458.245,2458.245,2458.245
SPGSCITR:IND,19-11-2019,2424.379,2424.379,2424.379,2424.379
SPGSCITR:IND,18-11-2019,2459.64,2459.64,2459.64,2459.64
SPGSCITR:IND,15-11-2019,2488.009,2488.009,2488.009,2488.009
SPGSCITR:IND,14-11-2019,2468.115,2468.115,2468.115,2468.115
SPGSCITR:IND,13-11-2019,2473.178,2473.178,2473.178,2473.178
SPGSCITR:IND,12-11-2019,2471.996,2471.996,2471.996,2471.996
SPGSCITR:IND,11-11-2019,2470.163,2470.163,2470.163,2470.163
SPGSCITR:IND,08-11-2019,2487.945,2487.945,2487.945,2487.945
SPGSCITR:IND,07-11-2019,2487.814,2487.814,2487.814,2487.814
SPGSCITR:IND,06-11-2019,2479.542,2479.542,2479.542,2479.542
SPGSCITR:IND,05-11-2019,2509.155,2509.155,2509.155,2509.155
SPGSCITR:IND,04-11-2019,2492.8,2492.8,2492.8,2492.8
SPGSCITR:IND,01-11-2019,2478.704,2478.704,2478.704,2478.704
SPGSCITR:IND,31-10-2019,2422.876,2422.876,2422.876,2422.876
SPGSCITR:IND,30-10-2019,2447.842,2447.842,2447.842,2447.842
SPGSCITR:IND,29-10-2019,2461.08,2461.08,2461.08,2461.08
SPGSCITR:IND,28-10-2019,2461.314,2461.314,2461.314,2461.314
SPGSCITR:IND,25-10-2019,2474.017,2474.017,2474.017,2474.017
SPGSCITR:IND,24-10-2019,2463.584,2463.584,2463.584,2463.584
SPGSCITR:IND,23-10-2019,2453.118,2453.118,2453.118,2453.118
SPGSCITR:IND,22-10-2019,2418.247,2418.247,2418.247,2418.247
SPGSCITR:IND,21-10-2019,2400.991,2400.991,2400.991,2400.991
SPGSCITR:IND,18-10-2019,2416.619,2416.619,2416.619,2416.619
SPGSCITR:IND,17-10-2019,2418.83,2418.83,2418.83,2418.83
SPGSCITR:IND,16-10-2019,2408.222,2408.222,2408.222,2408.222
SPGSCITR:IND,15-10-2019,2396.557,2396.557,2396.557,2396.557
SPGSCITR:IND,14-10-2019,2407.595,2407.595,2407.595,2407.595
SPGSCITR:IND,11-10-2019,2432.009,2432.009,2432.009,2432.009
SPGSCITR:IND,10-10-2019,2388.699,2388.699,2388.699,2388.699
SPGSCITR:IND,09-10-2019,2376.188,2376.188,2376.188,2376.188
SPGSCITR:IND,08-10-2019,2371.196,2371.196,2371.196,2371.196
SPGSCITR:IND,07-10-2019,2368.712,2368.712,2368.712,2368.712
SPGSCITR:IND,04-10-2019,2369.007,2369.007,2369.007,2369.007
SPGSCITR:IND,03-10-2019,2356.358,2356.358,2356.358,2356.358
SPGSCITR:IND,02-10-2019,2355.215,2355.215,2355.215,2355.215
SPGSCITR:IND,01-10-2019,2385.517,2385.517,2385.517,2385.517
SPGSCITR:IND,30-09-2019,2393.09,2393.09,2393.09,2393.09
SPGSCITR:IND,27-09-2019,2428.202,2428.202,2428.202,2428.202
SPGSCITR:IND,26-09-2019,2438.711,2438.711,2438.711,2438.711
SPGSCITR:IND,25-09-2019,2440.507,2440.507,2440.507,2440.507
SPGSCITR:IND,24-09-2019,2458.663,2458.663,2458.663,2458.663
SPGSCITR:IND,23-09-2019,2491.57,2491.57,2491.57,2491.57
SPGSCITR:IND,20-09-2019,2473.592,2473.592,2473.592,2473.592
SPGSCITR:IND,19-09-2019,2479.995,2479.995,2479.995,2479.995
SPGSCITR:IND,18-09-2019,2470.962,2470.962,2470.962,2470.962
SPGSCITR:IND,17-09-2019,2492.394,2492.394,2492.394,2492.394
SPGSCITR:IND,16-09-2019,2583.636,2583.636,2583.636,2583.636
SPGSCITR:IND,13-09-2019,2394.158,2394.158,2394.158,2394.158
SPGSCITR:IND,12-09-2019,2391.865,2391.865,2391.865,2391.865
SPGSCITR:IND,11-09-2019,2396.498,2396.498,2396.498,2396.498
SPGSCITR:IND,10-09-2019,2433.267,2433.267,2433.267,2433.267
SPGSCITR:IND,09-09-2019,2428.652,2428.652,2428.652,2428.652
SPGSCITR:IND,06-09-2019,2396.733,2396.733,2396.733,2396.733
SPGSCITR:IND,05-09-2019,2395.442,2395.442,2395.442,2395.442
SPGSCITR:IND,04-09-2019,2392.041,2392.041,2392.041,2392.041
SPGSCITR:IND,03-09-2019,2325.122,2325.122,2325.122,2325.122
SPGSCITR:IND,02-09-2019,2351.951,2351.951,2351.951,2351.951
SPGSCITR:IND,30-08-2019,2351.951,2351.951,2351.951,2351.951
SPGSCITR:IND,29-08-2019,2390.625,2390.625,2390.625,2390.625
SPGSCITR:IND,28-08-2019,2371.318,2371.318,2371.318,2371.318
SPGSCITR:IND,27-08-2019,2345.496,2345.496,2345.496,2345.496
SPGSCITR:IND,26-08-2019,2324.533,2324.533,2324.533,2324.533
SPGSCITR:IND,23-08-2019,2329.151,2329.151,2329.151,2329.151
SPGSCITR:IND,22-08-2019,2356.378,2356.378,2356.378,2356.378
SPGSCITR:IND,21-08-2019,2368.379,2368.379,2368.379,2368.379
SPGSCITR:IND,20-08-2019,2367.276,2367.276,2367.276,2367.276
SPGSCITR:IND,19-08-2019,2364.064,2364.064,2364.064,2364.064
SPGSCITR:IND,16-08-2019,2343.236,2343.236,2343.236,2343.236
SPGSCITR:IND,15-08-2019,2335.012,2335.012,2335.012,2335.012
SPGSCITR:IND,14-08-2019,2355.9,2355.9,2355.9,2355.9
SPGSCITR:IND,13-08-2019,2400.084,2400.084,2400.084,2400.084
SPGSCITR:IND,12-08-2019,2350.074,2350.074,2350.074,2350.074
SPGSCITR:IND,09-08-2019,2363.377,2363.377,2363.377,2363.377
SPGSCITR:IND,08-08-2019,2329.378,2329.378,2329.378,2329.378
SPGSCITR:IND,07-08-2019,2287.876,2287.876,2287.876,2287.876
SPGSCITR:IND,06-08-2019,2345.901,2345.901,2345.901,2345.901
SPGSCITR:IND,05-08-2019,2371.593,2371.593,2371.593,2371.593
SPGSCITR:IND,02-08-2019,2405.204,2405.204,2405.204,2405.204
SPGSCITR:IND,01-08-2019,2378.534,2378.534,2378.534,2378.534
SPGSCITR:IND,31-07-2019,2492.076,2492.076,2492.076,2492.076
SPGSCITR:IND,30-07-2019,2487.271,2487.271,2487.271,2487.271
SPGSCITR:IND,29-07-2019,2468.663,2468.663,2468.663,2468.663
SPGSCITR:IND,26-07-2019,2457.454,2457.454,2457.454,2457.454
SPGSCITR:IND,25-07-2019,2461.833,2461.833,2461.833,2461.833
SPGSCITR:IND,24-07-2019,2463.233,2463.233,2463.233,2463.233
SPGSCITR:IND,23-07-2019,2475.037,2475.037,2475.037,2475.037
SPGSCITR:IND,22-07-2019,2457.917,2457.917,2457.917,2457.917
SPGSCITR:IND,19-07-2019,2451.91,2451.91,2451.91,2451.91
SPGSCITR:IND,18-07-2019,2432.2,2432.2,2432.2,2432.2
SPGSCITR:IND,17-07-2019,2475.017,2475.017,2475.017,2475.017
SPGSCITR:IND,16-07-2019,2493.327,2493.327,2493.327,2493.327
SPGSCITR:IND,15-07-2019,2539.794,2539.794,2539.794,2539.794
SPGSCITR:IND,12-07-2019,2561.159,2561.159,2561.159,2561.159
SPGSCITR:IND,11-07-2019,2553.51,2553.51,2553.51,2553.51
SPGSCITR:IND,10-07-2019,2555.007,2555.007,2555.007,2555.007
SPGSCITR:IND,09-07-2019,2482.808,2482.808,2482.808,2482.808
SPGSCITR:IND,08-07-2019,2477.812,2477.812,2477.812,2477.812
SPGSCITR:IND,05-07-2019,2480.678,2480.678,2480.678,2480.678
SPGSCITR:IND,04-07-2019,2472.507,2472.507,2472.507,2472.507
SPGSCITR:IND,03-07-2019,2472.507,2472.507,2472.507,2472.507
SPGSCITR:IND,02-07-2019,2434.215,2434.215,2434.215,2434.215
SPGSCITR:IND,01-07-2019,2498.304,2498.304,2498.304,2498.304
SPGSCITR:IND,28-06-2019,2497.365,2497.365,2497.365,2497.365
SPGSCITR:IND,27-06-2019,2527.687,2527.687,2527.687,2527.687
SPGSCITR:IND,26-06-2019,2529.418,2529.418,2529.418,2529.418
SPGSCITR:IND,25-06-2019,2492.67,2492.67,2492.67,2492.67
SPGSCITR:IND,24-06-2019,2481.807,2481.807,2481.807,2481.807
SPGSCITR:IND,21-06-2019,2471.676,2471.676,2471.676,2471.676
SPGSCITR:IND,20-06-2019,2465.705,2465.705,2465.705,2465.705
SPGSCITR:IND,19-06-2019,2397.071,2397.071,2397.071,2397.071
SPGSCITR:IND,18-06-2019,2408.169,2408.169,2408.169,2408.169
SPGSCITR:IND,17-06-2019,2373.732,2373.732,2373.732,2373.732
SPGSCITR:IND,14-06-2019,2387.341,2387.341,2387.341,2387.341
SPGSCITR:IND,13-06-2019,2375.765,2375.765,2375.765,2375.765
SPGSCITR:IND,12-06-2019,2345.359,2345.359,2345.359,2345.359
SPGSCITR:IND,11-06-2019,2390.033,2390.033,2390.033,2390.033
SPGSCITR:IND,10-06-2019,2380.394,2380.394,2380.394,2380.394
SPGSCITR:IND,07-06-2019,2388.758,2388.758,2388.758,2388.758
SPGSCITR:IND,06-06-2019,2363.954,2363.954,2363.954,2363.954
SPGSCITR:IND,05-06-2019,2338.22,2338.22,2338.22,2338.22
SPGSCITR:IND,04-06-2019,2387.291,2387.291,2387.291,2387.291
SPGSCITR:IND,03-06-2019,2377.18,2377.18,2377.18,2377.18
SPGSCITR:IND,31-05-2019,2391.415,2391.415,2391.415,2391.415
SPGSCITR:IND,30-05-2019,2474.042,2474.042,2474.042,2474.042
SPGSCITR:IND,29-05-2019,2518.6,2518.6,2518.6,2518.6
SPGSCITR:IND,28-05-2019,2533.064,2533.064,2533.064,2533.064
SPGSCITR:IND,27-05-2019,2503.833,2503.833,2503.833,2503.833
SPGSCITR:IND,24-05-2019,2503.833,2503.833,2503.833,2503.833
SPGSCITR:IND,23-05-2019,2477.677,2477.677,2477.677,2477.677
SPGSCITR:IND,22-05-2019,2555.947,2555.947,2555.947,2555.947
SPGSCITR:IND,21-05-2019,2597.092,2597.092,2597.092,2597.092
SPGSCITR:IND,20-05-2019,2599.066,2599.066,2599.066,2599.066
SPGSCITR:IND,17-05-2019,2595.692,2595.692,2595.692,2595.692
SPGSCITR:IND,16-05-2019,2608.086,2608.086,2608.086,2608.086
SPGSCITR:IND,15-05-2019,2575.594,2575.594,2575.594,2575.594
SPGSCITR:IND,14-05-2019,2559.393,2559.393,2559.393,2559.393
SPGSCITR:IND,13-05-2019,2527.591,2527.591,2527.591,2527.591
SPGSCITR:IND,10-05-2019,2542.277,2542.277,2542.277,2542.277
SPGSCITR:IND,09-05-2019,2538.398,2538.398,2538.398,2538.398
SPGSCITR:IND,08-05-2019,2552.703,2552.703,2552.703,2552.703
SPGSCITR:IND,07-05-2019,2541.698,2541.698,2541.698,2541.698
SPGSCITR:IND,06-05-2019,2566.771,2566.771,2566.771,2566.771
SPGSCITR:IND,03-05-2019,2573.125,2573.125,2573.125,2573.125
SPGSCITR:IND,02-05-2019,2569.421,2569.421,2569.421,2569.421
SPGSCITR:IND,01-05-2019,2605.199,2605.199,2605.199,2605.199
SPGSCITR:IND,30-04-2019,2605.409,2605.409,2605.409,2605.409
SPGSCITR:IND,29-04-2019,2595.7,2595.7,2595.7,2595.7
SPGSCITR:IND,26-04-2019,2598.219,2598.219,2598.219,2598.219
SPGSCITR:IND,25-04-2019,2641.734,2641.734,2641.734,2641.734
SPGSCITR:IND,24-04-2019,2654.724,2654.724,2654.724,2654.724
SPGSCITR:IND,23-04-2019,2666.79,2666.79,2666.79,2666.79
SPGSCITR:IND,22-04-2019,2661.15,2661.15,2661.15,2661.15
SPGSCITR:IND,19-04-2019,2628.961,2628.961,2628.961,2628.961
SPGSCITR:IND,18-04-2019,2628.961,2628.961,2628.961,2628.961
SPGSCITR:IND,17-04-2019,2623.043,2623.043,2623.043,2623.043
SPGSCITR:IND,16-04-2019,2629.332,2629.332,2629.332,2629.332
SPGSCITR:IND,15-04-2019,2623.904,2623.904,2623.904,2623.904
SPGSCITR:IND,12-04-2019,2637.359,2637.359,2637.359,2637.359
SPGSCITR:IND,11-04-2019,2621.941,2621.941,2621.941,2621.941
SPGSCITR:IND,10-04-2019,2646.358,2646.358,2646.358,2646.358
SPGSCITR:IND,09-04-2019,2622.988,2622.988,2622.988,2622.988
SPGSCITR:IND,08-04-2019,2634.076,2634.076,2634.076,2634.076
SPGSCITR:IND,05-04-2019,2609.967,2609.967,2609.967,2609.967
SPGSCITR:IND,04-04-2019,2591.462,2591.462,2591.462,2591.462
SPGSCITR:IND,03-04-2019,2588.83,2588.83,2588.83,2588.83
SPGSCITR:IND,02-04-2019,2583.894,2583.894,2583.894,2583.894
SPGSCITR:IND,01-04-2019,2566.273,2566.273,2566.273,2566.273
SPGSCITR:IND,29-03-2019,2533.233,2533.233,2533.233,2533.233
SPGSCITR:IND,28-03-2019,2525.319,2525.319,2525.319,2525.319
SPGSCITR:IND,27-03-2019,2536.5,2536.5,2536.5,2536.5
SPGSCITR:IND,26-03-2019,2550.144,2550.144,2550.144,2550.144
SPGSCITR:IND,25-03-2019,2533.539,2533.539,2533.539,2533.539
SPGSCITR:IND,22-03-2019,2532.324,2532.324,2532.324,2532.324
SPGSCITR:IND,21-03-2019,2556.867,2556.867,2556.867,2556.867
SPGSCITR:IND,20-03-2019,2563.012,2563.012,2563.012,2563.012
SPGSCITR:IND,19-03-2019,2538.844,2538.844,2538.844,2538.844
SPGSCITR:IND,18-03-2019,2533.643,2533.643,2533.643,2533.643
SPGSCITR:IND,15-03-2019,2521.233,2521.233,2521.233,2521.233
SPGSCITR:IND,14-03-2019,2517.206,2517.206,2517.206,2517.206
SPGSCITR:IND,13-03-2019,2515.181,2515.181,2515.181,2515.181
SPGSCITR:IND,12-03-2019,2485.482,2485.482,2485.482,2485.482
SPGSCITR:IND,11-03-2019,2474.129,2474.129,2474.129,2474.129
SPGSCITR:IND,08-03-2019,2464.068,2464.068,2464.068,2464.068
SPGSCITR:IND,07-03-2019,2474.764,2474.764,2474.764,2474.764
SPGSCITR:IND,06-03-2019,2472.911,2472.911,2472.911,2472.911
SPGSCITR:IND,05-03-2019,2482.48,2482.48,2482.48,2482.48
SPGSCITR:IND,04-03-2019,2474.501,2474.501,2474.501,2474.501
SPGSCITR:IND,01-03-2019,2464.062,2464.062,2464.062,2464.062
SPGSCITR:IND,28-02-2019,2493.114,2493.114,2493.114,2493.114
SPGSCITR:IND,27-02-2019,2495.44,2495.44,2495.44,2495.44
SPGSCITR:IND,26-02-2019,2464.53,2464.53,2464.53,2464.53
SPGSCITR:IND,25-02-2019,2458.625,2458.625,2458.625,2458.625
SPGSCITR:IND,22-02-2019,2510.23,2510.23,2510.23,2510.23
SPGSCITR:IND,21-02-2019,2502.725,2502.725,2502.725,2502.725
SPGSCITR:IND,20-02-2019,2496.186,2496.186,2496.186,2496.186
SPGSCITR:IND,19-02-2019,2479.128,2479.128,2479.128,2479.128
SPGSCITR:IND,18-02-2019,2473.717,2473.717,2473.717,2473.717
SPGSCITR:IND,15-02-2019,2473.717,2473.717,2473.717,2473.717
SPGSCITR:IND,14-02-2019,2431.759,2431.759,2431.759,2431.759
SPGSCITR:IND,13-02-2019,2422.532,2422.532,2422.532,2422.532
SPGSCITR:IND,12-02-2019,2401.464,2401.464,2401.464,2401.464
SPGSCITR:IND,11-02-2019,2381.474,2381.474,2381.474,2381.474
SPGSCITR:IND,08-02-2019,2394.558,2394.558,2394.558,2394.558
SPGSCITR:IND,07-02-2019,2388.337,2388.337,2388.337,2388.337
SPGSCITR:IND,06-02-2019,2426.714,2426.714,2426.714,2426.714
SPGSCITR:IND,05-02-2019,2416.009,2416.009,2416.009,2416.009
SPGSCITR:IND,04-02-2019,2430.325,2430.325,2430.325,2430.325
SPGSCITR:IND,01-02-2019,2433.557,2433.557,2433.557,2433.557
SPGSCITR:IND,31-01-2019,2401.535,2401.535,2401.535,2401.535
SPGSCITR:IND,30-01-2019,2416.01,2416.01,2416.01,2416.01
SPGSCITR:IND,29-01-2019,2396.579,2396.579,2396.579,2396.579
SPGSCITR:IND,28-01-2019,2362.119,2362.119,2362.119,2362.119
SPGSCITR:IND,25-01-2019,2411.171,2411.171,2411.171,2411.171
SPGSCITR:IND,24-01-2019,2393.122,2393.122,2393.122,2393.122
SPGSCITR:IND,23-01-2019,2387.664,2387.664,2387.664,2387.664
SPGSCITR:IND,22-01-2019,2392.488,2392.488,2392.488,2392.488
SPGSCITR:IND,21-01-2019,2430.689,2430.689,2430.689,2430.689
SPGSCITR:IND,18-01-2019,2430.689,2430.689,2430.689,2430.689
SPGSCITR:IND,17-01-2019,2388.47,2388.47,2388.47,2388.47
SPGSCITR:IND,16-01-2019,2389.622,2389.622,2389.622,2389.622
SPGSCITR:IND,15-01-2019,2378.42,2378.42,2378.42,2378.42
SPGSCITR:IND,14-01-2019,2350.28,2350.28,2350.28,2350.28
SPGSCITR:IND,11-01-2019,2369.532,2369.532,2369.532,2369.532
SPGSCITR:IND,10-01-2019,2387.279,2387.279,2387.279,2387.279
SPGSCITR:IND,09-01-2019,2385.502,2385.502,2385.502,2385.502
SPGSCITR:IND,08-01-2019,2322.207,2322.207,2322.207,2322.207
SPGSCITR:IND,07-01-2019,2292.073,2292.073,2292.073,2292.073
SPGSCITR:IND,04-01-2019,2277.501,2277.501,2277.501,2277.501
SPGSCITR:IND,03-01-2019,2244.369,2244.369,2244.369,2244.369
SPGSCITR:IND,02-01-2019,2224.833,2224.833,2224.833,2224.833
SPGSCITR:IND,01-01-2019,2203.469,2203.469,2203.469,2203.469
SPGSCITR:IND,31-12-2018,2203.469,2203.469,2203.469,2203.469
SPGSCITR:IND,28-12-2018,2206.876,2206.876,2206.876,2206.876
SPGSCITR:IND,27-12-2018,2201.97,2201.97,2201.97,2201.97
SPGSCITR:IND,26-12-2018,2237.426,2237.426,2237.426,2237.426
SPGSCITR:IND,25-12-2018,2161.039,2161.039,2161.039,2161.039
SPGSCITR:IND,24-12-2018,2161.039,2161.039,2161.039,2161.039
SPGSCITR:IND,21-12-2018,2237.224,2237.224,2237.224,2237.224
SPGSCITR:IND,20-12-2018,2245.685,2245.685,2245.685,2245.685
SPGSCITR:IND,19-12-2018,2309.345,2309.345,2309.345,2309.345
SPGSCITR:IND,18-12-2018,2281.206,2281.206,2281.206,2281.206
SPGSCITR:IND,17-12-2018,2355.194,2355.194,2355.194,2355.194
SPGSCITR:IND,14-12-2018,2387.694,2387.694,2387.694,2387.694
SPGSCITR:IND,13-12-2018,2427.664,2427.664,2427.664,2427.664
SPGSCITR:IND,12-12-2018,2398.615,2398.615,2398.615,2398.615
SPGSCITR:IND,11-12-2018,2408.352,2408.352,2408.352,2408.352
SPGSCITR:IND,10-12-2018,2401.094,2401.094,2401.094,2401.094
SPGSCITR:IND,07-12-2018,2446.545,2446.545,2446.545,2446.545
SPGSCITR:IND,06-12-2018,2396.418,2396.418,2396.418,2396.418
SPGSCITR:IND,05-12-2018,2451.221,2451.221,2451.221,2451.221
SPGSCITR:IND,04-12-2018,2451.221,2451.221,2451.221,2451.221
SPGSCITR:IND,03-12-2018,2437.548,2437.548,2437.548,2437.548
SPGSCITR:IND,30-11-2018,2388.633,2388.633,2388.633,2388.633
SPGSCITR:IND,29-11-2018,2397.955,2397.955,2397.955,2397.955
SPGSCITR:IND,28-11-2018,2375.731,2375.731,2375.731,2375.731
SPGSCITR:IND,27-11-2018,2386.264,2386.264,2386.264,2386.264
SPGSCITR:IND,26-11-2018,2396.064,2396.064,2396.064,2396.064
SPGSCITR:IND,23-11-2018,2370.127,2370.127,2370.127,2370.127
SPGSCITR:IND,22-11-2018,2478.871,2478.871,2478.871,2478.871
SPGSCITR:IND,21-11-2018,2478.871,2478.871,2478.871,2478.871
SPGSCITR:IND,20-11-2018,2456.666,2456.666,2456.666,2456.666
SPGSCITR:IND,19-11-2018,2555.557,2555.557,2555.557,2555.557
SPGSCITR:IND,16-11-2018,2538.22,2538.22,2538.22,2538.22
SPGSCITR:IND,15-11-2018,2524.002,2524.002,2524.002,2524.002
SPGSCITR:IND,14-11-2018,2540.548,2540.548,2540.548,2540.548
SPGSCITR:IND,13-11-2018,2502.746,2502.746,2502.746,2502.746
SPGSCITR:IND,12-11-2018,2594.567,2594.567,2594.567,2594.567
SPGSCITR:IND,09-11-2018,2591.708,2591.708,2591.708,2591.708
SPGSCITR:IND,08-11-2018,2610.926,2610.926,2610.926,2610.926
SPGSCITR:IND,07-11-2018,2636.914,2636.914,2636.914,2636.914
SPGSCITR:IND,06-11-2018,2638.203,2638.203,2638.203,2638.203
SPGSCITR:IND,05-11-2018,2663.527,2663.527,2663.527,2663.527
SPGSCITR:IND,02-11-2018,2658.602,2658.602,2658.602,2658.602
SPGSCITR:IND,01-11-2018,2660.089,2660.089,2660.089,2660.089
SPGSCITR:IND,31-10-2018,2692.356,2692.356,2692.356,2692.356
SPGSCITR:IND,30-10-2018,2712.582,2712.582,2712.582,2712.582
SPGSCITR:IND,29-10-2018,2745.653,2745.653,2745.653,2745.653
SPGSCITR:IND,26-10-2018,2760.871,2760.871,2760.871,2760.871
SPGSCITR:IND,25-10-2018,2743.159,2743.159,2743.159,2743.159
SPGSCITR:IND,24-10-2018,2735.966,2735.966,2735.966,2735.966
SPGSCITR:IND,23-10-2018,2736.488,2736.488,2736.488,2736.488
SPGSCITR:IND,22-10-2018,2802.864,2802.864,2802.864,2802.864
SPGSCITR:IND,19-10-2018,2798.795,2798.795,2798.795,2798.795
SPGSCITR:IND,18-10-2018,2787.299,2787.299,2787.299,2787.299
SPGSCITR:IND,17-10-2018,2817.684,2817.684,2817.684,2817.684
SPGSCITR:IND,16-10-2018,2857,2857,2857,2857
SPGSCITR:IND,15-10-2018,2852.437,2852.437,2852.437,2852.437
SPGSCITR:IND,12-10-2018,2832.573,2832.573,2832.573,2832.573
SPGSCITR:IND,11-10-2018,2820.666,2820.666,2820.666,2820.666
SPGSCITR:IND,10-10-2018,2876.728,2876.728,2876.728,2876.728
SPGSCITR:IND,09-10-2018,2923.189,2923.189,2923.189,2923.189
SPGSCITR:IND,08-10-2018,2905.104,2905.104,2905.104,2905.104
SPGSCITR:IND,05-10-2018,2908.429,2908.429,2908.429,2908.429
SPGSCITR:IND,04-10-2018,2912.728,2912.728,2912.728,2912.728
SPGSCITR:IND,03-10-2018,2956.024,2956.024,2956.024,2956.024
SPGSCITR:IND,02-10-2018,2928.699,2928.699,2928.699,2928.699
SPGSCITR:IND,01-10-2018,2917.345,2917.345,2917.345,2917.345
SPGSCITR:IND,28-09-2018,2859.443,2859.443,2859.443,2859.443
SPGSCITR:IND,27-09-2018,2829.641,2829.641,2829.641,2829.641
SPGSCITR:IND,26-09-2018,2820.362,2820.362,2820.362,2820.362
SPGSCITR:IND,25-09-2018,2836.698,2836.698,2836.698,2836.698
SPGSCITR:IND,24-09-2018,2823.977,2823.977,2823.977,2823.977
SPGSCITR:IND,21-09-2018,2785.119,2785.119,2785.119,2785.119
SPGSCITR:IND,20-09-2018,2769.863,2769.863,2769.863,2769.863
SPGSCITR:IND,19-09-2018,2773.677,2773.677,2773.677,2773.677
SPGSCITR:IND,18-09-2018,2749.157,2749.157,2749.157,2749.157
SPGSCITR:IND,17-09-2018,2723.211,2723.211,2723.211,2723.211
SPGSCITR:IND,14-09-2018,2729.146,2729.146,2729.146,2729.146
SPGSCITR:IND,13-09-2018,2727.705,2727.705,2727.705,2727.705
SPGSCITR:IND,12-09-2018,2769.401,2769.401,2769.401,2769.401
SPGSCITR:IND,11-09-2018,2744.872,2744.872,2744.872,2744.872
SPGSCITR:IND,10-09-2018,2716.514,2716.514,2716.514,2716.514
SPGSCITR:IND,07-09-2018,2707.504,2707.504,2707.504,2707.504
SPGSCITR:IND,06-09-2018,2700.079,2700.079,2700.079,2700.079
SPGSCITR:IND,05-09-2018,2721.56,2721.56,2721.56,2721.56
SPGSCITR:IND,04-09-2018,2748.556,2748.556,2748.556,2748.556
SPGSCITR:IND,03-09-2018,2751.35,2751.35,2751.35,2751.35
SPGSCITR:IND,31-08-2018,2751.35,2751.35,2751.35,2751.35
SPGSCITR:IND,30-08-2018,2754.744,2754.744,2754.744,2754.744
SPGSCITR:IND,29-08-2018,2746.942,2746.942,2746.942,2746.942
SPGSCITR:IND,28-08-2018,2719.431,2719.431,2719.431,2719.431
SPGSCITR:IND,27-08-2018,2729.437,2729.437,2729.437,2729.437
SPGSCITR:IND,24-08-2018,2721.512,2721.512,2721.512,2721.512
SPGSCITR:IND,23-08-2018,2694.986,2694.986,2694.986,2694.986
SPGSCITR:IND,22-08-2018,2700.883,2700.883,2700.883,2700.883
SPGSCITR:IND,21-08-2018,2662.552,2662.552,2662.552,2662.552
SPGSCITR:IND,20-08-2018,2653.829,2653.829,2653.829,2653.829
SPGSCITR:IND,17-08-2018,2649.119,2649.119,2649.119,2649.119
SPGSCITR:IND,16-08-2018,2635.703,2635.703,2635.703,2635.703
SPGSCITR:IND,15-08-2018,2610.648,2610.648,2610.648,2610.648
SPGSCITR:IND,14-08-2018,2668.379,2668.379,2668.379,2668.379
SPGSCITR:IND,13-08-2018,2668.773,2668.773,2668.773,2668.773
SPGSCITR:IND,10-08-2018,2686.231,2686.231,2686.231,2686.231
SPGSCITR:IND,09-08-2018,2679.781,2679.781,2679.781,2679.781
SPGSCITR:IND,08-08-2018,2686.615,2686.615,2686.615,2686.615
SPGSCITR:IND,07-08-2018,2734.594,2734.594,2734.594,2734.594
SPGSCITR:IND,06-08-2018,2720.974,2720.974,2720.974,2720.974
SPGSCITR:IND,03-08-2018,2706.741,2706.741,2706.741,2706.741
SPGSCITR:IND,02-08-2018,2705.9,2705.9,2705.9,2705.9
SPGSCITR:IND,01-08-2018,2679.361,2679.361,2679.361,2679.361
SPGSCITR:IND,31-07-2018,2722.025,2722.025,2722.025,2722.025
SPGSCITR:IND,30-07-2018,2748.658,2748.658,2748.658,2748.658
SPGSCITR:IND,27-07-2018,2720.4,2720.4,2720.4,2720.4
SPGSCITR:IND,26-07-2018,2734,2734,2734,2734
SPGSCITR:IND,25-07-2018,2723.868,2723.868,2723.868,2723.868
SPGSCITR:IND,24-07-2018,2696.247,2696.247,2696.247,2696.247
SPGSCITR:IND,23-07-2018,2680.092,2680.092,2680.092,2680.092
SPGSCITR:IND,20-07-2018,2677.947,2677.947,2677.947,2677.947
SPGSCITR:IND,19-07-2018,2663.758,2663.758,2663.758,2663.758
SPGSCITR:IND,18-07-2018,2658.426,2658.426,2658.426,2658.426
SPGSCITR:IND,17-07-2018,2642.391,2642.391,2642.391,2642.391
SPGSCITR:IND,16-07-2018,2637.283,2637.283,2637.283,2637.283
SPGSCITR:IND,13-07-2018,2710.775,2710.775,2710.775,2710.775
SPGSCITR:IND,12-07-2018,2695.233,2695.233,2695.233,2695.233
SPGSCITR:IND,11-07-2018,2678.596,2678.596,2678.596,2678.596
SPGSCITR:IND,10-07-2018,2793.854,2793.854,2793.854,2793.854
SPGSCITR:IND,09-07-2018,2793.043,2793.043,2793.043,2793.043
SPGSCITR:IND,06-07-2018,2783.865,2783.865,2783.865,2783.865
SPGSCITR:IND,05-07-2018,2771.453,2771.453,2771.453,2771.453
SPGSCITR:IND,04-07-2018,2784.952,2784.952,2784.952,2784.952
SPGSCITR:IND,03-07-2018,2784.952,2784.952,2784.952,2784.952
SPGSCITR:IND,02-07-2018,2776.562,2776.562,2776.562,2776.562
SPGSCITR:IND,29-06-2018,2821.646,2821.646,2821.646,2821.646
SPGSCITR:IND,28-06-2018,2787.396,2787.396,2787.396,2787.396
SPGSCITR:IND,27-06-2018,2785.425,2785.425,2785.425,2785.425
SPGSCITR:IND,26-06-2018,2737.964,2737.964,2737.964,2737.964
SPGSCITR:IND,25-06-2018,2698.544,2698.544,2698.544,2698.544
SPGSCITR:IND,22-06-2018,2728.103,2728.103,2728.103,2728.103
SPGSCITR:IND,21-06-2018,2665.949,2665.949,2665.949,2665.949
SPGSCITR:IND,20-06-2018,2683.34,2683.34,2683.34,2683.34
SPGSCITR:IND,19-06-2018,2676.733,2676.733,2676.733,2676.733
SPGSCITR:IND,18-06-2018,2704.003,2704.003,2704.003,2704.003
SPGSCITR:IND,15-06-2018,2681.764,2681.764,2681.764,2681.764
SPGSCITR:IND,14-06-2018,2742.521,2742.521,2742.521,2742.521
SPGSCITR:IND,13-06-2018,2764.763,2764.763,2764.763,2764.763
SPGSCITR:IND,12-06-2018,2755.892,2755.892,2755.892,2755.892
SPGSCITR:IND,11-06-2018,2749.383,2749.383,2749.383,2749.383
SPGSCITR:IND,08-06-2018,2753.771,2753.771,2753.771,2753.771
SPGSCITR:IND,07-06-2018,2761.217,2761.217,2761.217,2761.217
SPGSCITR:IND,06-06-2018,2726.111,2726.111,2726.111,2726.111
SPGSCITR:IND,05-06-2018,2731.266,2731.266,2731.266,2731.266
SPGSCITR:IND,04-06-2018,2721.31,2721.31,2721.31,2721.31
SPGSCITR:IND,01-06-2018,2759.11,2759.11,2759.11,2759.11
SPGSCITR:IND,31-05-2018,2783.918,2783.918,2783.918,2783.918
SPGSCITR:IND,30-05-2018,2796.853,2796.853,2796.853,2796.853
SPGSCITR:IND,29-05-2018,2758.479,2758.479,2758.479,2758.479
SPGSCITR:IND,28-05-2018,2786.756,2786.756,2786.756,2786.756
SPGSCITR:IND,25-05-2018,2786.756,2786.756,2786.756,2786.756
SPGSCITR:IND,24-05-2018,2841.062,2841.062,2841.062,2841.062
SPGSCITR:IND,23-05-2018,2861.846,2861.846,2861.846,2861.846
SPGSCITR:IND,22-05-2018,2860.074,2860.074,2860.074,2860.074
SPGSCITR:IND,21-05-2018,2849.7,2849.7,2849.7,2849.7
SPGSCITR:IND,18-05-2018,2826.525,2826.525,2826.525,2826.525
SPGSCITR:IND,17-05-2018,2832.643,2832.643,2832.643,2832.643
SPGSCITR:IND,16-05-2018,2826.636,2826.636,2826.636,2826.636
SPGSCITR:IND,15-05-2018,2816.699,2816.699,2816.699,2816.699
SPGSCITR:IND,14-05-2018,2811.932,2811.932,2811.932,2811.932
SPGSCITR:IND,11-05-2018,2798.328,2798.328,2798.328,2798.328
SPGSCITR:IND,10-05-2018,2813.411,2813.411,2813.411,2813.411
SPGSCITR:IND,09-05-2018,2803.959,2803.959,2803.959,2803.959
SPGSCITR:IND,08-05-2018,2753.354,2753.354,2753.354,2753.354
SPGSCITR:IND,07-05-2018,2784.815,2784.815,2784.815,2784.815
SPGSCITR:IND,04-05-2018,2766.075,2766.075,2766.075,2766.075
SPGSCITR:IND,03-05-2018,2736.058,2736.058,2736.058,2736.058
SPGSCITR:IND,02-05-2018,2725.759,2725.759,2725.759,2725.759
SPGSCITR:IND,01-05-2018,2716.404,2716.404,2716.404,2716.404
SPGSCITR:IND,30-04-2018,2744.202,2744.202,2744.202,2744.202
SPGSCITR:IND,27-04-2018,2728.751,2728.751,2728.751,2728.751
SPGSCITR:IND,26-04-2018,2730.794,2730.794,2730.794,2730.794
SPGSCITR:IND,25-04-2018,2721.787,2721.787,2721.787,2721.787
SPGSCITR:IND,24-04-2018,2712.545,2712.545,2712.545,2712.545
SPGSCITR:IND,23-04-2018,2730.318,2730.318,2730.318,2730.318
SPGSCITR:IND,20-04-2018,2731.344,2731.344,2731.344,2731.344
SPGSCITR:IND,19-04-2018,2732.696,2732.696,2732.696,2732.696
SPGSCITR:IND,18-04-2018,2736.867,2736.867,2736.867,2736.867
SPGSCITR:IND,17-04-2018,2679.533,2679.533,2679.533,2679.533
SPGSCITR:IND,16-04-2018,2677.428,2677.428,2677.428,2677.428
SPGSCITR:IND,13-04-2018,2698.924,2698.924,2698.924,2698.924
SPGSCITR:IND,12-04-2018,2690.494,2690.494,2690.494,2690.494
SPGSCITR:IND,11-04-2018,2689.92,2689.92,2689.92,2689.92
SPGSCITR:IND,10-04-2018,2658.26,2658.26,2658.26,2658.26
SPGSCITR:IND,09-04-2018,2605.506,2605.506,2605.506,2605.506
SPGSCITR:IND,06-04-2018,2559.025,2559.025,2559.025,2559.025
SPGSCITR:IND,05-04-2018,2587.653,2587.653,2587.653,2587.653
SPGSCITR:IND,04-04-2018,2571.722,2571.722,2571.722,2571.722
SPGSCITR:IND,03-04-2018,2578.451,2578.451,2578.451,2578.451
SPGSCITR:IND,02-04-2018,2567.746,2567.746,2567.746,2567.746
SPGSCITR:IND,30-03-2018,2612.603,2612.603,2612.603,2612.603
SPGSCITR:IND,29-03-2018,2612.603,2612.603,2612.603,2612.603
SPGSCITR:IND,28-03-2018,2595.715,2595.715,2595.715,2595.715
SPGSCITR:IND,27-03-2018,2613.018,2613.018,2613.018,2613.018
SPGSCITR:IND,26-03-2018,2615.042,2615.042,2615.042,2615.042
SPGSCITR:IND,23-03-2018,2624.743,2624.743,2624.743,2624.743
SPGSCITR:IND,22-03-2018,2596.507,2596.507,2596.507,2596.507
SPGSCITR:IND,21-03-2018,2614.657,2614.657,2614.657,2614.657
SPGSCITR:IND,20-03-2018,2572.325,2572.325,2572.325,2572.325
SPGSCITR:IND,19-03-2018,2544.183,2544.183,2544.183,2544.183
SPGSCITR:IND,16-03-2018,2563.071,2563.071,2563.071,2563.071
SPGSCITR:IND,15-03-2018,2543.858,2543.858,2543.858,2543.858
SPGSCITR:IND,14-03-2018,2545.417,2545.417,2545.417,2545.417
SPGSCITR:IND,13-03-2018,2539.329,2539.329,2539.329,2539.329
SPGSCITR:IND,12-03-2018,2545.115,2545.115,2545.115,2545.115
SPGSCITR:IND,09-03-2018,2561.869,2561.869,2561.869,2561.869
SPGSCITR:IND,08-03-2018,2523.248,2523.248,2523.248,2523.248
SPGSCITR:IND,07-03-2018,2545.675,2545.675,2545.675,2545.675
SPGSCITR:IND,06-03-2018,2584.403,2584.403,2584.403,2584.403
SPGSCITR:IND,05-03-2018,2580.416,2580.416,2580.416,2580.416
SPGSCITR:IND,02-03-2018,2545.589,2545.589,2545.589,2545.589
SPGSCITR:IND,01-03-2018,2542.466,2542.466,2542.466,2542.466
SPGSCITR:IND,28-02-2018,2555.823,2555.823,2555.823,2555.823
SPGSCITR:IND,27-02-2018,2594.394,2594.394,2594.394,2594.394
SPGSCITR:IND,26-02-2018,2614.933,2614.933,2614.933,2614.933
SPGSCITR:IND,23-02-2018,2602.2,2602.2,2602.2,2602.2
SPGSCITR:IND,22-02-2018,2586.607,2586.607,2586.607,2586.607
SPGSCITR:IND,21-02-2018,2561.878,2561.878,2561.878,2561.878
SPGSCITR:IND,20-02-2018,2559.669,2559.669,2559.669,2559.669
SPGSCITR:IND,19-02-2018,2555.667,2555.667,2555.667,2555.667
SPGSCITR:IND,16-02-2018,2555.667,2555.667,2555.667,2555.667
SPGSCITR:IND,15-02-2018,2543.685,2543.685,2543.685,2543.685
SPGSCITR:IND,14-02-2018,2529.797,2529.797,2529.797,2529.797
SPGSCITR:IND,13-02-2018,2486.853,2486.853,2486.853,2486.853
SPGSCITR:IND,12-02-2018,2483.134,2483.134,2483.134,2483.134
SPGSCITR:IND,09-02-2018,2474.593,2474.593,2474.593,2474.593
SPGSCITR:IND,08-02-2018,2532.503,2532.503,2532.503,2532.503
SPGSCITR:IND,07-02-2018,2548.307,2548.307,2548.307,2548.307
SPGSCITR:IND,06-02-2018,2591.734,2591.734,2591.734,2591.734
SPGSCITR:IND,05-02-2018,2616.061,2616.061,2616.061,2616.061
SPGSCITR:IND,02-02-2018,2644.34,2644.34,2644.34,2644.34
SPGSCITR:IND,01-02-2018,2665.627,2665.627,2665.627,2665.627
SPGSCITR:IND,31-01-2018,2644.127,2644.127,2644.127,2644.127
SPGSCITR:IND,30-01-2018,2644.473,2644.473,2644.473,2644.473
SPGSCITR:IND,29-01-2018,2667.409,2667.409,2667.409,2667.409
SPGSCITR:IND,26-01-2018,2683.625,2683.625,2683.625,2683.625
SPGSCITR:IND,25-01-2018,2668.53,2668.53,2668.53,2668.53
SPGSCITR:IND,24-01-2018,2671.354,2671.354,2671.354,2671.354
SPGSCITR:IND,23-01-2018,2638.281,2638.281,2638.281,2638.281
SPGSCITR:IND,22-01-2018,2618.954,2618.954,2618.954,2618.954
SPGSCITR:IND,19-01-2018,2607.204,2607.204,2607.204,2607.204
SPGSCITR:IND,18-01-2018,2623.023,2623.023,2623.023,2623.023
SPGSCITR:IND,17-01-2018,2620.689,2620.689,2620.689,2620.689
SPGSCITR:IND,16-01-2018,2609.986,2609.986,2609.986,2609.986
SPGSCITR:IND,15-01-2018,2623.033,2623.033,2623.033,2623.033
SPGSCITR:IND,12-01-2018,2623.033,2623.033,2623.033,2623.033
SPGSCITR:IND,11-01-2018,2610.349,2610.349,2610.349,2610.349
SPGSCITR:IND,10-01-2018,2604.755,2604.755,2604.755,2604.755
SPGSCITR:IND,09-01-2018,2592.363,2592.363,2592.363,2592.363
SPGSCITR:IND,08-01-2018,2565.175,2565.175,2565.175,2565.175
SPGSCITR:IND,05-01-2018,2565.057,2565.057,2565.057,2565.057
SPGSCITR:IND,04-01-2018,2588.49,2588.49,2588.49,2588.49
SPGSCITR:IND,03-01-2018,2584.419,2584.419,2584.419,2584.419
SPGSCITR:IND,02-01-2018,2558.734,2558.734,2558.734,2558.734
SPGSCITR:IND,01-01-2018,2556.708,2556.708,2556.708,2556.708
SPGSCITR:IND,29-12-2017,2556.708,2556.708,2556.708,2556.708
SPGSCITR:IND,28-12-2017,2541.964,2541.964,2541.964,2541.964
SPGSCITR:IND,27-12-2017,2528.461,2528.461,2528.461,2528.461
SPGSCITR:IND,26-12-2017,2526.47,2526.47,2526.47,2526.47
SPGSCITR:IND,25-12-2017,2480.338,2480.338,2480.338,2480.338
SPGSCITR:IND,22-12-2017,2480.338,2480.338,2480.338,2480.338
SPGSCITR:IND,21-12-2017,2471.363,2471.363,2471.363,2471.363
SPGSCITR:IND,20-12-2017,2460.783,2460.783,2460.783,2460.783
SPGSCITR:IND,19-12-2017,2442.439,2442.439,2442.439,2442.439
SPGSCITR:IND,18-12-2017,2432.429,2432.429,2432.429,2432.429
SPGSCITR:IND,15-12-2017,2424.047,2424.047,2424.047,2424.047
SPGSCITR:IND,14-12-2017,2418.539,2418.539,2418.539,2418.539
SPGSCITR:IND,13-12-2017,2401.519,2401.519,2401.519,2401.519
SPGSCITR:IND,12-12-2017,2416.37,2416.37,2416.37,2416.37
SPGSCITR:IND,11-12-2017,2444.383,2444.383,2444.383,2444.383
SPGSCITR:IND,08-12-2017,2426.091,2426.091,2426.091,2426.091
SPGSCITR:IND,07-12-2017,2405.242,2405.242,2405.242,2405.242
SPGSCITR:IND,06-12-2017,2393.65,2393.65,2393.65,2393.65
SPGSCITR:IND,05-12-2017,2440.36,2440.36,2440.36,2440.36
SPGSCITR:IND,04-12-2017,2444.971,2444.971,2444.971,2444.971
SPGSCITR:IND,01-12-2017,2478.921,2478.921,2478.921,2478.921
SPGSCITR:IND,30-11-2017,2448.663,2448.663,2448.663,2448.663
SPGSCITR:IND,29-11-2017,2459.29,2459.29,2459.29,2459.29
SPGSCITR:IND,28-11-2017,2474.617,2474.617,2474.617,2474.617
SPGSCITR:IND,27-11-2017,2479.365,2479.365,2479.365,2479.365
SPGSCITR:IND,24-11-2017,2488.374,2488.374,2488.374,2488.374
SPGSCITR:IND,23-11-2017,2475.443,2475.443,2475.443,2475.443
SPGSCITR:IND,22-11-2017,2475.443,2475.443,2475.443,2475.443
SPGSCITR:IND,21-11-2017,2450.209,2450.209,2450.209,2450.209
SPGSCITR:IND,20-11-2017,2439.516,2439.516,2439.516,2439.516
SPGSCITR:IND,17-11-2017,2453.843,2453.843,2453.843,2453.843
SPGSCITR:IND,16-11-2017,2415.675,2415.675,2415.675,2415.675
SPGSCITR:IND,15-11-2017,2426.4,2426.4,2426.4,2426.4
SPGSCITR:IND,14-11-2017,2433.328,2433.328,2433.328,2433.328
SPGSCITR:IND,13-11-2017,2471.818,2471.818,2471.818,2471.818
SPGSCITR:IND,10-11-2017,2476.746,2476.746,2476.746,2476.746
SPGSCITR:IND,09-11-2017,2484.844,2484.844,2484.844,2484.844
SPGSCITR:IND,08-11-2017,2478.687,2478.687,2478.687,2478.687
SPGSCITR:IND,07-11-2017,2483.862,2483.862,2483.862,2483.862
SPGSCITR:IND,06-11-2017,2498.947,2498.947,2498.947,2498.947
SPGSCITR:IND,03-11-2017,2447.235,2447.235,2447.235,2447.235
SPGSCITR:IND,02-11-2017,2418.708,2418.708,2418.708,2418.708
SPGSCITR:IND,01-11-2017,2415.483,2415.483,2415.483,2415.483
SPGSCITR:IND,31-10-2017,2415.282,2415.282,2415.282,2415.282
SPGSCITR:IND,30-10-2017,2407.428,2407.428,2407.428,2407.428
SPGSCITR:IND,27-10-2017,2396.934,2396.934,2396.934,2396.934
SPGSCITR:IND,26-10-2017,2376.521,2376.521,2376.521,2376.521
SPGSCITR:IND,25-10-2017,2364.233,2364.233,2364.233,2364.233
SPGSCITR:IND,24-10-2017,2365.997,2365.997,2365.997,2365.997
SPGSCITR:IND,23-10-2017,2343.716,2343.716,2343.716,2343.716
SPGSCITR:IND,20-10-2017,2340.26,2340.26,2340.26,2340.26
SPGSCITR:IND,19-10-2017,2332.315,2332.315,2332.315,2332.315
SPGSCITR:IND,18-10-2017,2345.575,2345.575,2345.575,2345.575
SPGSCITR:IND,17-10-2017,2345.038,2345.038,2345.038,2345.038
SPGSCITR:IND,16-10-2017,2353.203,2353.203,2353.203,2353.203
SPGSCITR:IND,13-10-2017,2342.189,2342.189,2342.189,2342.189
SPGSCITR:IND,12-10-2017,2314.78,2314.78,2314.78,2314.78
SPGSCITR:IND,11-10-2017,2324.629,2324.629,2324.629,2324.629
SPGSCITR:IND,10-10-2017,2318.986,2318.986,2318.986,2318.986
SPGSCITR:IND,09-10-2017,2284.785,2284.785,2284.785,2284.785
SPGSCITR:IND,06-10-2017,2282.243,2282.243,2282.243,2282.243
SPGSCITR:IND,05-10-2017,2323.338,2323.338,2323.338,2323.338
SPGSCITR:IND,04-10-2017,2294.279,2294.279,2294.279,2294.279
SPGSCITR:IND,03-10-2017,2294.91,2294.91,2294.91,2294.91
SPGSCITR:IND,02-10-2017,2295.602,2295.602,2295.602,2295.602
SPGSCITR:IND,29-09-2017,2326.456,2326.456,2326.456,2326.456
SPGSCITR:IND,28-09-2017,2331.587,2331.587,2331.587,2331.587
SPGSCITR:IND,27-09-2017,2343.547,2343.547,2343.547,2343.547
SPGSCITR:IND,26-09-2017,2339.444,2339.444,2339.444,2339.444
SPGSCITR:IND,25-09-2017,2354.972,2354.972,2354.972,2354.972
SPGSCITR:IND,22-09-2017,2318.579,2318.579,2318.579,2318.579
SPGSCITR:IND,21-09-2017,2314.064,2314.064,2314.064,2314.064
SPGSCITR:IND,20-09-2017,2322.283,2322.283,2322.283,2322.283
SPGSCITR:IND,19-09-2017,2291.968,2291.968,2291.968,2291.968
SPGSCITR:IND,18-09-2017,2300.242,2300.242,2300.242,2300.242
SPGSCITR:IND,15-09-2017,2305.634,2305.634,2305.634,2305.634
SPGSCITR:IND,14-09-2017,2295.847,2295.847,2295.847,2295.847
SPGSCITR:IND,13-09-2017,2286.271,2286.271,2286.271,2286.271
SPGSCITR:IND,12-09-2017,2265.049,2265.049,2265.049,2265.049
SPGSCITR:IND,11-09-2017,2263.122,2263.122,2263.122,2263.122
SPGSCITR:IND,08-09-2017,2258.328,2258.328,2258.328,2258.328
SPGSCITR:IND,07-09-2017,2289.075,2289.075,2289.075,2289.075
SPGSCITR:IND,06-09-2017,2289.565,2289.565,2289.565,2289.565
SPGSCITR:IND,05-09-2017,2275.142,2275.142,2275.142,2275.142
SPGSCITR:IND,04-09-2017,2253.928,2253.928,2253.928,2253.928
SPGSCITR:IND,01-09-2017,2253.928,2253.928,2253.928,2253.928
SPGSCITR:IND,31-08-2017,2251.665,2251.665,2251.665,2251.665
SPGSCITR:IND,30-08-2017,2192.39,2192.39,2192.39,2192.39
SPGSCITR:IND,29-08-2017,2201.795,2201.795,2201.795,2201.795
SPGSCITR:IND,28-08-2017,2198.729,2198.729,2198.729,2198.729
SPGSCITR:IND,25-08-2017,2210.768,2210.768,2210.768,2210.768
SPGSCITR:IND,24-08-2017,2210.288,2210.288,2210.288,2210.288
SPGSCITR:IND,23-08-2017,2216.069,2216.069,2216.069,2216.069
SPGSCITR:IND,22-08-2017,2201.195,2201.195,2201.195,2201.195
SPGSCITR:IND,21-08-2017,2195.623,2195.623,2195.623,2195.623
SPGSCITR:IND,18-08-2017,2219.804,2219.804,2219.804,2219.804
SPGSCITR:IND,17-08-2017,2186.024,2186.024,2186.024,2186.024
SPGSCITR:IND,16-08-2017,2182.389,2182.389,2182.389,2182.389
SPGSCITR:IND,15-08-2017,2196.112,2196.112,2196.112,2196.112
SPGSCITR:IND,14-08-2017,2204.026,2204.026,2204.026,2204.026
SPGSCITR:IND,11-08-2017,2232.856,2232.856,2232.856,2232.856
SPGSCITR:IND,10-08-2017,2227.793,2227.793,2227.793,2227.793
SPGSCITR:IND,09-08-2017,2258.003,2258.003,2258.003,2258.003
SPGSCITR:IND,08-08-2017,2247.928,2247.928,2247.928,2247.928
SPGSCITR:IND,07-08-2017,2248.935,2248.935,2248.935,2248.935
SPGSCITR:IND,04-08-2017,2248.746,2248.746,2248.746,2248.746
SPGSCITR:IND,03-08-2017,2240.872,2240.872,2240.872,2240.872
SPGSCITR:IND,02-08-2017,2256.005,2256.005,2256.005,2256.005
SPGSCITR:IND,01-08-2017,2239.534,2239.534,2239.534,2239.534
SPGSCITR:IND,31-07-2017,2269.294,2269.294,2269.294,2269.294
SPGSCITR:IND,28-07-2017,2260.645,2260.645,2260.645,2260.645
SPGSCITR:IND,27-07-2017,2244.816,2244.816,2244.816,2244.816
SPGSCITR:IND,26-07-2017,2229.458,2229.458,2229.458,2229.458
SPGSCITR:IND,25-07-2017,2203.213,2203.213,2203.213,2203.213
SPGSCITR:IND,24-07-2017,2170.209,2170.209,2170.209,2170.209
SPGSCITR:IND,21-07-2017,2169.818,2169.818,2169.818,2169.818
SPGSCITR:IND,20-07-2017,2203.147,2203.147,2203.147,2203.147
SPGSCITR:IND,19-07-2017,2209.019,2209.019,2209.019,2209.019
SPGSCITR:IND,18-07-2017,2183.659,2183.659,2183.659,2183.659
SPGSCITR:IND,17-07-2017,2173.801,2173.801,2173.801,2173.801
SPGSCITR:IND,14-07-2017,2182.733,2182.733,2182.733,2182.733
SPGSCITR:IND,13-07-2017,2163.329,2163.329,2163.329,2163.329
SPGSCITR:IND,12-07-2017,2161.41,2161.41,2161.41,2161.41
SPGSCITR:IND,11-07-2017,2160.289,2160.289,2160.289,2160.289
SPGSCITR:IND,10-07-2017,2139.58,2139.58,2139.58,2139.58
SPGSCITR:IND,07-07-2017,2130.207,2130.207,2130.207,2130.207
SPGSCITR:IND,06-07-2017,2163.971,2163.971,2163.971,2163.971
SPGSCITR:IND,05-07-2017,2155.795,2155.795,2155.795,2155.795
SPGSCITR:IND,04-07-2017,2201.153,2201.153,2201.153,2201.153
SPGSCITR:IND,03-07-2017,2201.153,2201.153,2201.153,2201.153
SPGSCITR:IND,30-06-2017,2169.813,2169.813,2169.813,2169.813
SPGSCITR:IND,29-06-2017,2128.716,2128.716,2128.716,2128.716
SPGSCITR:IND,28-06-2017,2112.807,2112.807,2112.807,2112.807
SPGSCITR:IND,27-06-2017,2095.482,2095.482,2095.482,2095.482
SPGSCITR:IND,26-06-2017,2071.259,2071.259,2071.259,2071.259
SPGSCITR:IND,23-06-2017,2061.168,2061.168,2061.168,2061.168
SPGSCITR:IND,22-06-2017,2053.658,2053.658,2053.658,2053.658
SPGSCITR:IND,21-06-2017,2054.646,2054.646,2054.646,2054.646
SPGSCITR:IND,20-06-2017,2080.231,2080.231,2080.231,2080.231
SPGSCITR:IND,19-06-2017,2105.099,2105.099,2105.099,2105.099
SPGSCITR:IND,16-06-2017,2121.153,2121.153,2121.153,2121.153
SPGSCITR:IND,15-06-2017,2107.593,2107.593,2107.593,2107.593
SPGSCITR:IND,14-06-2017,2108.765,2108.765,2108.765,2108.765
SPGSCITR:IND,13-06-2017,2154.23,2154.23,2154.23,2154.23
SPGSCITR:IND,12-06-2017,2147.379,2147.379,2147.379,2147.379
SPGSCITR:IND,09-06-2017,2158.197,2158.197,2158.197,2158.197
SPGSCITR:IND,08-06-2017,2149.427,2149.427,2149.427,2149.427
SPGSCITR:IND,07-06-2017,2146.588,2146.588,2146.588,2146.588
SPGSCITR:IND,06-06-2017,2193.318,2193.318,2193.318,2193.318
SPGSCITR:IND,05-06-2017,2176.735,2176.735,2176.735,2176.735
SPGSCITR:IND,02-06-2017,2191.872,2191.872,2191.872,2191.872
SPGSCITR:IND,01-06-2017,2209.488,2209.488,2209.488,2209.488
SPGSCITR:IND,31-05-2017,2212.328,2212.328,2212.328,2212.328
SPGSCITR:IND,30-05-2017,2241.605,2241.605,2241.605,2241.605
SPGSCITR:IND,29-05-2017,2256.825,2256.825,2256.825,2256.825
SPGSCITR:IND,26-05-2017,2256.825,2256.825,2256.825,2256.825
SPGSCITR:IND,25-05-2017,2242.738,2242.738,2242.738,2242.738
SPGSCITR:IND,24-05-2017,2294.29,2294.29,2294.29,2294.29
SPGSCITR:IND,23-05-2017,2300.786,2300.786,2300.786,2300.786
SPGSCITR:IND,22-05-2017,2304.412,2304.412,2304.412,2304.412
SPGSCITR:IND,19-05-2017,2288.843,2288.843,2288.843,2288.843
SPGSCITR:IND,18-05-2017,2248.194,2248.194,2248.194,2248.194
SPGSCITR:IND,17-05-2017,2249.557,2249.557,2249.557,2249.557
SPGSCITR:IND,16-05-2017,2234.391,2234.391,2234.391,2234.391
SPGSCITR:IND,15-05-2017,2239.393,2239.393,2239.393,2239.393
SPGSCITR:IND,12-05-2017,2220.869,2220.869,2220.869,2220.869
SPGSCITR:IND,11-05-2017,2213.763,2213.763,2213.763,2213.763
SPGSCITR:IND,10-05-2017,2198.907,2198.907,2198.907,2198.907
SPGSCITR:IND,09-05-2017,2161.223,2161.223,2161.223,2161.223
SPGSCITR:IND,08-05-2017,2175.758,2175.758,2175.758,2175.758
SPGSCITR:IND,05-05-2017,2178.125,2178.125,2178.125,2178.125
SPGSCITR:IND,04-05-2017,2159.391,2159.391,2159.391,2159.391
SPGSCITR:IND,03-05-2017,2223.814,2223.814,2223.814,2223.814
SPGSCITR:IND,02-05-2017,2219.882,2219.882,2219.882,2219.882
SPGSCITR:IND,01-05-2017,2240.402,2240.402,2240.402,2240.402
SPGSCITR:IND,28-04-2017,2246.846,2246.846,2246.846,2246.846
SPGSCITR:IND,27-04-2017,2232.776,2232.776,2232.776,2232.776
SPGSCITR:IND,26-04-2017,2249.84,2249.84,2249.84,2249.84
SPGSCITR:IND,25-04-2017,2251.387,2251.387,2251.387,2251.387
SPGSCITR:IND,24-04-2017,2237.671,2237.671,2237.671,2237.671
SPGSCITR:IND,21-04-2017,2248.046,2248.046,2248.046,2248.046
SPGSCITR:IND,20-04-2017,2275.373,2275.373,2275.373,2275.373
SPGSCITR:IND,19-04-2017,2281.951,2281.951,2281.951,2281.951
SPGSCITR:IND,18-04-2017,2327.191,2327.191,2327.191,2327.191
SPGSCITR:IND,17-04-2017,2343.386,2343.386,2343.386,2343.386
SPGSCITR:IND,14-04-2017,2356.505,2356.505,2356.505,2356.505
SPGSCITR:IND,13-04-2017,2356.505,2356.505,2356.505,2356.505
SPGSCITR:IND,12-04-2017,2351.29,2351.29,2351.29,2351.29
SPGSCITR:IND,11-04-2017,2358.383,2358.383,2358.383,2358.383
SPGSCITR:IND,10-04-2017,2351.469,2351.469,2351.469,2351.469
SPGSCITR:IND,07-04-2017,2333.352,2333.352,2333.352,2333.352
SPGSCITR:IND,06-04-2017,2322.778,2322.778,2322.778,2322.778
SPGSCITR:IND,05-04-2017,2310.104,2310.104,2310.104,2310.104
SPGSCITR:IND,04-04-2017,2302.412,2302.412,2302.412,2302.412
SPGSCITR:IND,03-04-2017,2279.809,2279.809,2279.809,2279.809
SPGSCITR:IND,31-03-2017,2295.187,2295.187,2295.187,2295.187
SPGSCITR:IND,30-03-2017,2288.845,2288.845,2288.845,2288.845
SPGSCITR:IND,29-03-2017,2274.93,2274.93,2274.93,2274.93
SPGSCITR:IND,28-03-2017,2246.646,2246.646,2246.646,2246.646
SPGSCITR:IND,27-03-2017,2226.928,2226.928,2226.928,2226.928
SPGSCITR:IND,24-03-2017,2235.169,2235.169,2235.169,2235.169
SPGSCITR:IND,23-03-2017,2231.047,2231.047,2231.047,2231.047
SPGSCITR:IND,22-03-2017,2235.621,2235.621,2235.621,2235.621
SPGSCITR:IND,21-03-2017,2242.582,2242.582,2242.582,2242.582
SPGSCITR:IND,20-03-2017,2258.791,2258.791,2258.791,2258.791
SPGSCITR:IND,17-03-2017,2264.321,2264.321,2264.321,2264.321
SPGSCITR:IND,16-03-2017,2259.193,2259.193,2259.193,2259.193
SPGSCITR:IND,15-03-2017,2256.983,2256.983,2256.983,2256.983
SPGSCITR:IND,14-03-2017,2229.242,2229.242,2229.242,2229.242
SPGSCITR:IND,13-03-2017,2246.625,2246.625,2246.625,2246.625
SPGSCITR:IND,10-03-2017,2248.135,2248.135,2248.135,2248.135
SPGSCITR:IND,09-03-2017,2265.344,2265.344,2265.344,2265.344
SPGSCITR:IND,08-03-2017,2297.645,2297.645,2297.645,2297.645
SPGSCITR:IND,07-03-2017,2358.038,2358.038,2358.038,2358.038
SPGSCITR:IND,06-03-2017,2368.478,2368.478,2368.478,2368.478
SPGSCITR:IND,03-03-2017,2367.071,2367.071,2367.071,2367.071
SPGSCITR:IND,02-03-2017,2352.523,2352.523,2352.523,2352.523
SPGSCITR:IND,01-03-2017,2394.746,2394.746,2394.746,2394.746
SPGSCITR:IND,28-02-2017,2388.695,2388.695,2388.695,2388.695
SPGSCITR:IND,27-02-2017,2381.801,2381.801,2381.801,2381.801
SPGSCITR:IND,24-02-2017,2386.246,2386.246,2386.246,2386.246
SPGSCITR:IND,23-02-2017,2397.539,2397.539,2397.539,2397.539
SPGSCITR:IND,22-02-2017,2384.67,2384.67,2384.67,2384.67
SPGSCITR:IND,21-02-2017,2402.058,2402.058,2402.058,2402.058
SPGSCITR:IND,20-02-2017,2393.087,2393.087,2393.087,2393.087
SPGSCITR:IND,17-02-2017,2393.087,2393.087,2393.087,2393.087
SPGSCITR:IND,16-02-2017,2397.103,2397.103,2397.103,2397.103
SPGSCITR:IND,15-02-2017,2407.56,2407.56,2407.56,2407.56
SPGSCITR:IND,14-02-2017,2405.298,2405.298,2405.298,2405.298
SPGSCITR:IND,13-02-2017,2397.42,2397.42,2397.42,2397.42
SPGSCITR:IND,10-02-2017,2428.42,2428.42,2428.42,2428.42
SPGSCITR:IND,09-02-2017,2398.728,2398.728,2398.728,2398.728
SPGSCITR:IND,08-02-2017,2387.312,2387.312,2387.312,2387.312
SPGSCITR:IND,07-02-2017,2374.367,2374.367,2374.367,2374.367
SPGSCITR:IND,06-02-2017,2388.966,2388.966,2388.966,2388.966
SPGSCITR:IND,03-02-2017,2410.64,2410.64,2410.64,2410.64
SPGSCITR:IND,02-02-2017,2410.457,2410.457,2410.457,2410.457
SPGSCITR:IND,01-02-2017,2418.545,2418.545,2418.545,2418.545
SPGSCITR:IND,31-01-2017,2383.157,2383.157,2383.157,2383.157
SPGSCITR:IND,30-01-2017,2369.133,2369.133,2369.133,2369.133
SPGSCITR:IND,27-01-2017,2392.888,2392.888,2392.888,2392.888
SPGSCITR:IND,26-01-2017,2412.21,2412.21,2412.21,2412.21
SPGSCITR:IND,25-01-2017,2395.578,2395.578,2395.578,2395.578
SPGSCITR:IND,24-01-2017,2409.04,2409.04,2409.04,2409.04
SPGSCITR:IND,23-01-2017,2400.576,2400.576,2400.576,2400.576
SPGSCITR:IND,20-01-2017,2404.344,2404.344,2404.344,2404.344
SPGSCITR:IND,19-01-2017,2377.509,2377.509,2377.509,2377.509
SPGSCITR:IND,18-01-2017,2378.759,2378.759,2378.759,2378.759
SPGSCITR:IND,17-01-2017,2413.248,2413.248,2413.248,2413.248
SPGSCITR:IND,16-01-2017,2406.758,2406.758,2406.758,2406.758
SPGSCITR:IND,13-01-2017,2406.758,2406.758,2406.758,2406.758
SPGSCITR:IND,12-01-2017,2415.591,2415.591,2415.591,2415.591
SPGSCITR:IND,11-01-2017,2382.922,2382.922,2382.922,2382.922
