symbol,date,value
bogmbase,1959-01-01T00:00:00,50463
bogmbase,1959-02-01T00:00:00,49805
bogmbase,1959-03-01T00:00:00,49733
bogmbase,1959-04-01T00:00:00,50058
bogmbase,1959-05-01T00:00:00,50112
bogmbase,1959-06-01T00:00:00,50337
bogmbase,1959-07-01T00:00:00,50802
bogmbase,1959-08-01T00:00:00,50661
bogmbase,1959-09-01T00:00:00,50722
bogmbase,1959-10-01T00:00:00,50660
bogmbase,1959-11-01T00:00:00,50877
bogmbase,1959-12-01T00:00:00,51504
bogmbase,1960-01-01T00:00:00,50661
bogmbase,1960-02-01T00:00:00,49609
bogmbase,1960-03-01T00:00:00,49482
bogmbase,1960-04-01T00:00:00,49656
bogmbase,1960-05-01T00:00:00,49734
bogmbase,1960-06-01T00:00:00,50015
bogmbase,1960-07-01T00:00:00,50455
bogmbase,1960-08-01T00:00:00,50279
bogmbase,1960-09-01T00:00:00,49920
bogmbase,1960-10-01T00:00:00,50130
bogmbase,1960-11-01T00:00:00,50251
bogmbase,1960-12-01T00:00:00,49763
bogmbase,1961-01-01T00:00:00,49103
bogmbase,1961-02-01T00:00:00,48441
bogmbase,1961-03-01T00:00:00,48362
bogmbase,1961-04-01T00:00:00,48455
bogmbase,1961-05-01T00:00:00,48494
bogmbase,1961-06-01T00:00:00,48875
bogmbase,1961-07-01T00:00:00,49216
bogmbase,1961-08-01T00:00:00,49334
bogmbase,1961-09-01T00:00:00,49599
bogmbase,1961-10-01T00:00:00,50032
bogmbase,1961-11-01T00:00:00,50484
bogmbase,1961-12-01T00:00:00,51281
bogmbase,1962-01-01T00:00:00,50603
bogmbase,1962-02-01T00:00:00,49841
bogmbase,1962-03-01T00:00:00,50024
bogmbase,1962-04-01T00:00:00,50365
bogmbase,1962-05-01T00:00:00,50543
bogmbase,1962-06-01T00:00:00,50908
bogmbase,1962-07-01T00:00:00,51314
bogmbase,1962-08-01T00:00:00,51175
bogmbase,1962-09-01T00:00:00,51322
bogmbase,1962-10-01T00:00:00,51552
bogmbase,1962-11-01T00:00:00,51344
bogmbase,1962-12-01T00:00:00,52257
bogmbase,1963-01-01T00:00:00,51635
bogmbase,1963-02-01T00:00:00,51013
bogmbase,1963-03-01T00:00:00,51206
bogmbase,1963-04-01T00:00:00,51489
bogmbase,1963-05-01T00:00:00,51702
bogmbase,1963-06-01T00:00:00,52195
bogmbase,1963-07-01T00:00:00,52768
bogmbase,1963-08-01T00:00:00,52600
bogmbase,1963-09-01T00:00:00,52910
bogmbase,1963-10-01T00:00:00,53117
bogmbase,1963-11-01T00:00:00,53775
bogmbase,1963-12-01T00:00:00,54913
bogmbase,1964-01-01T00:00:00,54238
bogmbase,1964-02-01T00:00:00,53472
bogmbase,1964-03-01T00:00:00,53830
bogmbase,1964-04-01T00:00:00,54052
bogmbase,1964-05-01T00:00:00,54273
bogmbase,1964-06-01T00:00:00,54940
bogmbase,1964-07-01T00:00:00,55426
bogmbase,1964-08-01T00:00:00,55427
bogmbase,1964-09-01T00:00:00,55887
bogmbase,1964-10-01T00:00:00,56162
bogmbase,1964-11-01T00:00:00,56786
bogmbase,1964-12-01T00:00:00,57737
bogmbase,1965-01-01T00:00:00,57138
bogmbase,1965-02-01T00:00:00,56508
bogmbase,1965-03-01T00:00:00,56696
bogmbase,1965-04-01T00:00:00,57089
bogmbase,1965-05-01T00:00:00,57165
bogmbase,1965-06-01T00:00:00,57761
bogmbase,1965-07-01T00:00:00,58407
bogmbase,1965-08-01T00:00:00,58192
bogmbase,1965-09-01T00:00:00,58574
bogmbase,1965-10-01T00:00:00,59137
bogmbase,1965-11-01T00:00:00,59614
bogmbase,1965-12-01T00:00:00,61022
bogmbase,1966-01-01T00:00:00,60520
bogmbase,1966-02-01T00:00:00,59751
bogmbase,1966-03-01T00:00:00,59933
bogmbase,1966-04-01T00:00:00,60510
bogmbase,1966-05-01T00:00:00,60631
bogmbase,1966-06-01T00:00:00,61102
bogmbase,1966-07-01T00:00:00,62064
bogmbase,1966-08-01T00:00:00,61734
bogmbase,1966-09-01T00:00:00,62359
bogmbase,1966-10-01T00:00:00,62603
bogmbase,1966-11-01T00:00:00,62993
bogmbase,1966-12-01T00:00:00,64185
bogmbase,1967-01-01T00:00:00,63850
bogmbase,1967-02-01T00:00:00,63282
bogmbase,1967-03-01T00:00:00,63166
bogmbase,1967-04-01T00:00:00,63274
bogmbase,1967-05-01T00:00:00,63382
bogmbase,1967-06-01T00:00:00,64005
bogmbase,1967-07-01T00:00:00,64821
bogmbase,1967-08-01T00:00:00,64699
bogmbase,1967-09-01T00:00:00,65225
bogmbase,1967-10-01T00:00:00,65894
bogmbase,1967-11-01T00:00:00,66453
bogmbase,1967-12-01T00:00:00,67818
bogmbase,1968-01-01T00:00:00,67698
bogmbase,1968-02-01T00:00:00,67213
bogmbase,1968-03-01T00:00:00,67521
bogmbase,1968-04-01T00:00:00,67953
bogmbase,1968-05-01T00:00:00,68077
bogmbase,1968-06-01T00:00:00,68874
bogmbase,1968-07-01T00:00:00,69700
bogmbase,1968-08-01T00:00:00,69887
bogmbase,1968-09-01T00:00:00,70048
bogmbase,1968-10-01T00:00:00,70830
bogmbase,1968-11-01T00:00:00,71727
bogmbase,1968-12-01T00:00:00,73139
bogmbase,1969-01-01T00:00:00,72865
bogmbase,1969-02-01T00:00:00,71978
bogmbase,1969-03-01T00:00:00,71768
bogmbase,1969-04-01T00:00:00,72361
bogmbase,1969-05-01T00:00:00,73358
bogmbase,1969-06-01T00:00:00,73509
bogmbase,1969-07-01T00:00:00,73725
bogmbase,1969-08-01T00:00:00,73773
bogmbase,1969-09-01T00:00:00,73780
bogmbase,1969-10-01T00:00:00,74436
bogmbase,1969-11-01T00:00:00,75569
bogmbase,1969-12-01T00:00:00,76752
bogmbase,1970-01-01T00:00:00,76398
bogmbase,1970-02-01T00:00:00,75237
bogmbase,1970-03-01T00:00:00,75276
bogmbase,1970-04-01T00:00:00,76294
bogmbase,1970-05-01T00:00:00,76649
bogmbase,1970-06-01T00:00:00,76900
bogmbase,1970-07-01T00:00:00,77960
bogmbase,1970-08-01T00:00:00,78227
bogmbase,1970-09-01T00:00:00,78684
bogmbase,1970-10-01T00:00:00,78691
bogmbase,1970-11-01T00:00:00,79468
bogmbase,1970-12-01T00:00:00,80987
bogmbase,1971-01-01T00:00:00,81170
bogmbase,1971-02-01T00:00:00,80565
bogmbase,1971-03-01T00:00:00,80788
bogmbase,1971-04-01T00:00:00,81641
bogmbase,1971-05-01T00:00:00,82405
bogmbase,1971-06-01T00:00:00,82894
bogmbase,1971-07-01T00:00:00,84184
bogmbase,1971-08-01T00:00:00,84079
bogmbase,1971-09-01T00:00:00,84431
bogmbase,1971-10-01T00:00:00,84692
bogmbase,1971-11-01T00:00:00,85491
bogmbase,1971-12-01T00:00:00,86798
bogmbase,1972-01-01T00:00:00,87220
bogmbase,1972-02-01T00:00:00,86081
bogmbase,1972-03-01T00:00:00,86656
bogmbase,1972-04-01T00:00:00,87888
bogmbase,1972-05-01T00:00:00,88543
bogmbase,1972-06-01T00:00:00,88896
bogmbase,1972-07-01T00:00:00,90075
bogmbase,1972-08-01T00:00:00,90098
bogmbase,1972-09-01T00:00:00,90193
bogmbase,1972-10-01T00:00:00,91423
bogmbase,1972-11-01T00:00:00,90531
bogmbase,1972-12-01T00:00:00,91381
bogmbase,1973-01-01T00:00:00,91688
bogmbase,1973-02-01T00:00:00,90275
bogmbase,1973-03-01T00:00:00,91118
bogmbase,1973-04-01T00:00:00,92586
bogmbase,1973-05-01T00:00:00,93118
bogmbase,1973-06-01T00:00:00,93732
bogmbase,1973-07-01T00:00:00,95575
bogmbase,1973-08-01T00:00:00,95828
bogmbase,1973-09-01T00:00:00,96226
bogmbase,1973-10-01T00:00:00,97484
bogmbase,1973-11-01T00:00:00,98343
bogmbase,1973-12-01T00:00:00,100143
bogmbase,1974-01-01T00:00:00,100376
bogmbase,1974-02-01T00:00:00,99063
bogmbase,1974-03-01T00:00:00,99604
bogmbase,1974-04-01T00:00:00,101743
bogmbase,1974-05-01T00:00:00,102777
bogmbase,1974-06-01T00:00:00,103597
bogmbase,1974-07-01T00:00:00,105054
bogmbase,1974-08-01T00:00:00,105046
bogmbase,1974-09-01T00:00:00,105292
bogmbase,1974-10-01T00:00:00,105704
bogmbase,1974-11-01T00:00:00,106933
bogmbase,1974-12-01T00:00:00,108640
bogmbase,1975-01-01T00:00:00,107745
bogmbase,1975-02-01T00:00:00,105511
bogmbase,1975-03-01T00:00:00,105693
bogmbase,1975-04-01T00:00:00,106816
bogmbase,1975-05-01T00:00:00,106989
bogmbase,1975-06-01T00:00:00,108423
bogmbase,1975-07-01T00:00:00,109501
bogmbase,1975-08-01T00:00:00,109092
bogmbase,1975-09-01T00:00:00,109203
bogmbase,1975-10-01T00:00:00,109675
bogmbase,1975-11-01T00:00:00,111096
bogmbase,1975-12-01T00:00:00,113125
bogmbase,1976-01-01T00:00:00,111925
bogmbase,1976-02-01T00:00:00,110558
bogmbase,1976-03-01T00:00:00,111255
bogmbase,1976-04-01T00:00:00,113093
bogmbase,1976-05-01T00:00:00,113566
bogmbase,1976-06-01T00:00:00,114411
bogmbase,1976-07-01T00:00:00,115579
bogmbase,1976-08-01T00:00:00,115533
bogmbase,1976-09-01T00:00:00,115573
bogmbase,1976-10-01T00:00:00,116554
bogmbase,1976-11-01T00:00:00,118343
bogmbase,1976-12-01T00:00:00,120337
bogmbase,1977-01-01T00:00:00,119677
bogmbase,1977-02-01T00:00:00,117818
bogmbase,1977-03-01T00:00:00,118719
bogmbase,1977-04-01T00:00:00,120646
bogmbase,1977-05-01T00:00:00,120979
bogmbase,1977-06-01T00:00:00,121804
bogmbase,1977-07-01T00:00:00,124091
bogmbase,1977-08-01T00:00:00,124180
bogmbase,1977-09-01T00:00:00,124425
bogmbase,1977-10-01T00:00:00,125749
bogmbase,1977-11-01T00:00:00,127607
bogmbase,1977-12-01T00:00:00,129915
bogmbase,1978-01-01T00:00:00,130211
bogmbase,1978-02-01T00:00:00,128671
bogmbase,1978-03-01T00:00:00,129110
bogmbase,1978-04-01T00:00:00,131177
bogmbase,1978-05-01T00:00:00,132255
bogmbase,1978-06-01T00:00:00,133606
bogmbase,1978-07-01T00:00:00,135708
bogmbase,1978-08-01T00:00:00,135209
bogmbase,1978-09-01T00:00:00,136211
bogmbase,1978-10-01T00:00:00,137572
bogmbase,1978-11-01T00:00:00,140734
bogmbase,1978-12-01T00:00:00,144721
bogmbase,1979-01-01T00:00:00,144328
bogmbase,1979-02-01T00:00:00,141606
bogmbase,1979-03-01T00:00:00,142293
bogmbase,1979-04-01T00:00:00,144410
bogmbase,1979-05-01T00:00:00,144494
bogmbase,1979-06-01T00:00:00,145889
bogmbase,1979-07-01T00:00:00,148136
bogmbase,1979-08-01T00:00:00,148568
bogmbase,1979-09-01T00:00:00,149585
bogmbase,1979-10-01T00:00:00,151533
bogmbase,1979-11-01T00:00:00,153809
bogmbase,1979-12-01T00:00:00,156653
bogmbase,1980-01-01T00:00:00,155995
bogmbase,1980-02-01T00:00:00,153896
bogmbase,1980-03-01T00:00:00,155032
bogmbase,1980-04-01T00:00:00,157858
bogmbase,1980-05-01T00:00:00,157915
bogmbase,1980-06-01T00:00:00,158922
bogmbase,1980-07-01T00:00:00,159940
bogmbase,1980-08-01T00:00:00,158388
bogmbase,1980-09-01T00:00:00,159391
bogmbase,1980-10-01T00:00:00,160925
bogmbase,1980-11-01T00:00:00,162049
bogmbase,1980-12-01T00:00:00,163376
bogmbase,1981-01-01T00:00:00,161080
bogmbase,1981-02-01T00:00:00,158982
bogmbase,1981-03-01T00:00:00,159765
bogmbase,1981-04-01T00:00:00,162371
bogmbase,1981-05-01T00:00:00,163200
bogmbase,1981-06-01T00:00:00,163929
bogmbase,1981-07-01T00:00:00,166041
bogmbase,1981-08-01T00:00:00,166116
bogmbase,1981-09-01T00:00:00,164686
bogmbase,1981-10-01T00:00:00,164972
bogmbase,1981-11-01T00:00:00,167230
bogmbase,1981-12-01T00:00:00,170681
bogmbase,1982-01-01T00:00:00,169811
bogmbase,1982-02-01T00:00:00,167490
bogmbase,1982-03-01T00:00:00,166219
bogmbase,1982-04-01T00:00:00,168703
bogmbase,1982-05-01T00:00:00,170045
bogmbase,1982-06-01T00:00:00,171679
bogmbase,1982-07-01T00:00:00,173381
bogmbase,1982-08-01T00:00:00,173975
bogmbase,1982-09-01T00:00:00,173383
bogmbase,1982-10-01T00:00:00,174957
bogmbase,1982-11-01T00:00:00,177469
bogmbase,1982-12-01T00:00:00,180717
bogmbase,1983-01-01T00:00:00,178899
bogmbase,1983-02-01T00:00:00,177044
bogmbase,1983-03-01T00:00:00,177320
bogmbase,1983-04-01T00:00:00,180038
bogmbase,1983-05-01T00:00:00,181386
bogmbase,1983-06-01T00:00:00,183320
bogmbase,1983-07-01T00:00:00,185279
bogmbase,1983-08-01T00:00:00,185438
bogmbase,1983-09-01T00:00:00,184936
bogmbase,1983-10-01T00:00:00,186416
bogmbase,1983-11-01T00:00:00,189064
bogmbase,1983-12-01T00:00:00,192191
bogmbase,1984-01-01T00:00:00,191350
bogmbase,1984-02-01T00:00:00,186839
bogmbase,1984-03-01T00:00:00,189122
bogmbase,1984-04-01T00:00:00,192249
bogmbase,1984-05-01T00:00:00,192820
bogmbase,1984-06-01T00:00:00,195695
bogmbase,1984-07-01T00:00:00,197492
bogmbase,1984-08-01T00:00:00,196735
bogmbase,1984-09-01T00:00:00,197898
bogmbase,1984-10-01T00:00:00,198076
bogmbase,1984-11-01T00:00:00,200592
bogmbase,1984-12-01T00:00:00,204812
bogmbase,1985-01-01T00:00:00,203177
bogmbase,1985-02-01T00:00:00,200224
bogmbase,1985-03-01T00:00:00,202719
bogmbase,1985-04-01T00:00:00,205511
bogmbase,1985-05-01T00:00:00,206691
bogmbase,1985-06-01T00:00:00,210250
bogmbase,1985-07-01T00:00:00,212277
bogmbase,1985-08-01T00:00:00,212802
bogmbase,1985-09-01T00:00:00,214674
bogmbase,1985-10-01T00:00:00,216000
bogmbase,1985-11-01T00:00:00,219498
bogmbase,1985-12-01T00:00:00,224722
bogmbase,1986-01-01T00:00:00,221697
bogmbase,1986-02-01T00:00:00,217759
bogmbase,1986-03-01T00:00:00,221355
bogmbase,1986-04-01T00:00:00,225063
bogmbase,1986-05-01T00:00:00,226423
bogmbase,1986-06-01T00:00:00,230141
bogmbase,1986-07-01T00:00:00,232992
bogmbase,1986-08-01T00:00:00,233236
bogmbase,1986-09-01T00:00:00,235110
bogmbase,1986-10-01T00:00:00,237005
bogmbase,1986-11-01T00:00:00,241953
bogmbase,1986-12-01T00:00:00,248625
bogmbase,1987-01-01T00:00:00,246971
bogmbase,1987-02-01T00:00:00,242453
bogmbase,1987-03-01T00:00:00,244774
bogmbase,1987-04-01T00:00:00,249579
bogmbase,1987-05-01T00:00:00,250593
bogmbase,1987-06-01T00:00:00,252859
bogmbase,1987-07-01T00:00:00,254802
bogmbase,1987-08-01T00:00:00,254559
bogmbase,1987-09-01T00:00:00,256258
bogmbase,1987-10-01T00:00:00,258112
bogmbase,1987-11-01T00:00:00,262358
bogmbase,1987-12-01T00:00:00,266878
bogmbase,1988-01-01T00:00:00,266252
bogmbase,1988-02-01T00:00:00,260724
bogmbase,1988-03-01T00:00:00,263388
bogmbase,1988-04-01T00:00:00,268448
bogmbase,1988-05-01T00:00:00,268823
bogmbase,1988-06-01T00:00:00,273081
bogmbase,1988-07-01T00:00:00,275836
bogmbase,1988-08-01T00:00:00,274808
bogmbase,1988-09-01T00:00:00,275231
bogmbase,1988-10-01T00:00:00,275440
bogmbase,1988-11-01T00:00:00,279159
bogmbase,1988-12-01T00:00:00,283789
bogmbase,1989-01-01T00:00:00,282165
bogmbase,1989-02-01T00:00:00,275271
bogmbase,1989-03-01T00:00:00,278788
bogmbase,1989-04-01T00:00:00,281630
bogmbase,1989-05-01T00:00:00,280583
bogmbase,1989-06-01T00:00:00,283671
bogmbase,1989-07-01T00:00:00,285701
bogmbase,1989-08-01T00:00:00,283854
bogmbase,1989-09-01T00:00:00,284036
bogmbase,1989-10-01T00:00:00,284238
bogmbase,1989-11-01T00:00:00,287814
bogmbase,1989-12-01T00:00:00,294323
bogmbase,1990-01-01T00:00:00,293132
bogmbase,1990-02-01T00:00:00,287719
bogmbase,1990-03-01T00:00:00,292402
bogmbase,1990-04-01T00:00:00,297404
bogmbase,1990-05-01T00:00:00,297279
bogmbase,1990-06-01T00:00:00,301742
bogmbase,1990-07-01T00:00:00,303888
bogmbase,1990-08-01T00:00:00,305147
bogmbase,1990-09-01T00:00:00,308033
bogmbase,1990-10-01T00:00:00,308764
bogmbase,1990-11-01T00:00:00,313670
bogmbase,1990-12-01T00:00:00,315270
bogmbase,1991-01-01T00:00:00,309597
bogmbase,1991-02-01T00:00:00,306945
bogmbase,1991-03-01T00:00:00,311089
bogmbase,1991-04-01T00:00:00,314068
bogmbase,1991-05-01T00:00:00,314339
bogmbase,1991-06-01T00:00:00,318071
bogmbase,1991-07-01T00:00:00,319987
bogmbase,1991-08-01T00:00:00,320051
bogmbase,1991-09-01T00:00:00,321825
bogmbase,1991-10-01T00:00:00,323057
bogmbase,1991-11-01T00:00:00,328415
bogmbase,1991-12-01T00:00:00,335415
bogmbase,1992-01-01T00:00:00,333149
bogmbase,1992-02-01T00:00:00,331242
bogmbase,1992-03-01T00:00:00,335595
bogmbase,1992-04-01T00:00:00,333124
bogmbase,1992-05-01T00:00:00,334541
bogmbase,1992-06-01T00:00:00,337098
bogmbase,1992-07-01T00:00:00,340424
bogmbase,1992-08-01T00:00:00,342727
bogmbase,1992-09-01T00:00:00,346903
bogmbase,1992-10-01T00:00:00,349808
bogmbase,1992-11-01T00:00:00,355924
bogmbase,1992-12-01T00:00:00,361903
bogmbase,1993-01-01T00:00:00,360650
bogmbase,1993-02-01T00:00:00,359533
bogmbase,1993-03-01T00:00:00,362723
bogmbase,1993-04-01T00:00:00,368849
bogmbase,1993-05-01T00:00:00,370845
bogmbase,1993-06-01T00:00:00,375841
bogmbase,1993-07-01T00:00:00,379121
bogmbase,1993-08-01T00:00:00,380892
bogmbase,1993-09-01T00:00:00,384705
bogmbase,1993-10-01T00:00:00,388226
bogmbase,1993-11-01T00:00:00,391960
bogmbase,1993-12-01T00:00:00,398638
bogmbase,1994-01-01T00:00:00,397786
bogmbase,1994-02-01T00:00:00,397926
bogmbase,1994-03-01T00:00:00,400752
bogmbase,1994-04-01T00:00:00,406948
bogmbase,1994-05-01T00:00:00,407088
bogmbase,1994-06-01T00:00:00,411591
bogmbase,1994-07-01T00:00:00,415010
bogmbase,1994-08-01T00:00:00,415263
bogmbase,1994-09-01T00:00:00,416866
bogmbase,1994-10-01T00:00:00,418679
bogmbase,1994-11-01T00:00:00,423063
bogmbase,1994-12-01T00:00:00,428489
bogmbase,1995-01-01T00:00:00,426222
bogmbase,1995-02-01T00:00:00,422895
bogmbase,1995-03-01T00:00:00,427727
bogmbase,1995-04-01T00:00:00,433540
bogmbase,1995-05-01T00:00:00,434008
bogmbase,1995-06-01T00:00:00,434846
bogmbase,1995-07-01T00:00:00,435915
bogmbase,1995-08-01T00:00:00,435546
bogmbase,1995-09-01T00:00:00,436332
bogmbase,1995-10-01T00:00:00,436570
bogmbase,1995-11-01T00:00:00,439093
bogmbase,1995-12-01T00:00:00,445840
bogmbase,1996-01-01T00:00:00,441733
bogmbase,1996-02-01T00:00:00,435714
bogmbase,1996-03-01T00:00:00,440455
bogmbase,1996-04-01T00:00:00,443376
bogmbase,1996-05-01T00:00:00,443014
bogmbase,1996-06-01T00:00:00,446423
bogmbase,1996-07-01T00:00:00,449831
bogmbase,1996-08-01T00:00:00,450911
bogmbase,1996-09-01T00:00:00,451954
bogmbase,1996-10-01T00:00:00,452496
bogmbase,1996-11-01T00:00:00,457010
bogmbase,1996-12-01T00:00:00,464955
bogmbase,1997-01-01T00:00:00,462505
bogmbase,1997-02-01T00:00:00,459914
bogmbase,1997-03-01T00:00:00,462300
bogmbase,1997-04-01T00:00:00,465478
bogmbase,1997-05-01T00:00:00,467038
bogmbase,1997-06-01T00:00:00,469816
bogmbase,1997-07-01T00:00:00,473111
bogmbase,1997-08-01T00:00:00,474323
bogmbase,1997-09-01T00:00:00,475441
bogmbase,1997-10-01T00:00:00,477667
bogmbase,1997-11-01T00:00:00,484618
bogmbase,1997-12-01T00:00:00,493078
bogmbase,1998-01-01T00:00:00,491235
bogmbase,1998-02-01T00:00:00,488420
bogmbase,1998-03-01T00:00:00,491007
bogmbase,1998-04-01T00:00:00,494118
bogmbase,1998-05-01T00:00:00,495231
bogmbase,1998-06-01T00:00:00,498108
bogmbase,1998-07-01T00:00:00,502446
bogmbase,1998-08-01T00:00:00,504866
bogmbase,1998-09-01T00:00:00,508591
bogmbase,1998-10-01T00:00:00,512552
bogmbase,1998-11-01T00:00:00,518349
bogmbase,1998-12-01T00:00:00,526435
bogmbase,1999-01-01T00:00:00,527870
bogmbase,1999-02-01T00:00:00,526387
bogmbase,1999-03-01T00:00:00,531013
bogmbase,1999-04-01T00:00:00,535171
bogmbase,1999-05-01T00:00:00,540620
bogmbase,1999-06-01T00:00:00,544016
bogmbase,1999-07-01T00:00:00,548817
bogmbase,1999-08-01T00:00:00,551361
bogmbase,1999-09-01T00:00:00,556828
bogmbase,1999-10-01T00:00:00,564665
bogmbase,1999-11-01T00:00:00,582758
bogmbase,1999-12-01T00:00:00,612499
bogmbase,2000-01-01T00:00:00,601868
bogmbase,2000-02-01T00:00:00,578030
bogmbase,2000-03-01T00:00:00,577105
bogmbase,2000-04-01T00:00:00,578588
bogmbase,2000-05-01T00:00:00,580556
bogmbase,2000-06-01T00:00:00,581960
bogmbase,2000-07-01T00:00:00,584222
bogmbase,2000-08-01T00:00:00,583423
bogmbase,2000-09-01T00:00:00,583752
bogmbase,2000-10-01T00:00:00,585252
bogmbase,2000-11-01T00:00:00,590277
bogmbase,2000-12-01T00:00:00,598305
bogmbase,2001-01-01T00:00:00,598666
bogmbase,2001-02-01T00:00:00,595873
bogmbase,2001-03-01T00:00:00,599106
bogmbase,2001-04-01T00:00:00,601727
bogmbase,2001-05-01T00:00:00,605919
bogmbase,2001-06-01T00:00:00,609096
bogmbase,2001-07-01T00:00:00,615984
bogmbase,2001-08-01T00:00:00,622427
bogmbase,2001-09-01T00:00:00,647223
bogmbase,2001-10-01T00:00:00,635154
bogmbase,2001-11-01T00:00:00,639465
bogmbase,2001-12-01T00:00:00,650775
bogmbase,2002-01-01T00:00:00,653760
bogmbase,2002-02-01T00:00:00,654639
bogmbase,2002-03-01T00:00:00,658956
bogmbase,2002-04-01T00:00:00,663401
bogmbase,2002-05-01T00:00:00,668606
bogmbase,2002-06-01T00:00:00,673966
bogmbase,2002-07-01T00:00:00,679310
bogmbase,2002-08-01T00:00:00,679765
bogmbase,2002-09-01T00:00:00,680397
bogmbase,2002-10-01T00:00:00,681855
bogmbase,2002-11-01T00:00:00,688494
bogmbase,2002-12-01T00:00:00,699216
bogmbase,2003-01-01T00:00:00,699262
bogmbase,2003-02-01T00:00:00,700958
bogmbase,2003-03-01T00:00:00,705269
bogmbase,2003-04-01T00:00:00,709552
bogmbase,2003-05-01T00:00:00,713711
bogmbase,2003-06-01T00:00:00,714979
bogmbase,2003-07-01T00:00:00,717614
bogmbase,2003-08-01T00:00:00,720922
bogmbase,2003-09-01T00:00:00,721062
bogmbase,2003-10-01T00:00:00,724756
bogmbase,2003-11-01T00:00:00,730637
bogmbase,2003-12-01T00:00:00,739408
bogmbase,2004-01-01T00:00:00,736438
bogmbase,2004-02-01T00:00:00,735287
bogmbase,2004-03-01T00:00:00,736780
bogmbase,2004-04-01T00:00:00,741207
bogmbase,2004-05-01T00:00:00,745039
bogmbase,2004-06-01T00:00:00,750697
bogmbase,2004-07-01T00:00:00,757304
bogmbase,2004-08-01T00:00:00,757181
bogmbase,2004-09-01T00:00:00,762233
bogmbase,2004-10-01T00:00:00,763876
bogmbase,2004-11-01T00:00:00,770493
bogmbase,2004-12-01T00:00:00,776279
bogmbase,2005-01-01T00:00:00,775222
bogmbase,2005-02-01T00:00:00,772882
bogmbase,2005-03-01T00:00:00,773481
bogmbase,2005-04-01T00:00:00,775537
bogmbase,2005-05-01T00:00:00,776356
bogmbase,2005-06-01T00:00:00,780669
bogmbase,2005-07-01T00:00:00,782860
bogmbase,2005-08-01T00:00:00,782727
bogmbase,2005-09-01T00:00:00,787943
bogmbase,2005-10-01T00:00:00,787216
bogmbase,2005-11-01T00:00:00,793472
bogmbase,2005-12-01T00:00:00,803124
bogmbase,2006-01-01T00:00:00,804172
bogmbase,2006-02-01T00:00:00,804855
bogmbase,2006-03-01T00:00:00,810146
bogmbase,2006-04-01T00:00:00,809191
bogmbase,2006-05-01T00:00:00,812561
bogmbase,2006-06-01T00:00:00,812366
bogmbase,2006-07-01T00:00:00,811505
bogmbase,2006-08-01T00:00:00,809714
bogmbase,2006-09-01T00:00:00,810401
bogmbase,2006-10-01T00:00:00,809839
bogmbase,2006-11-01T00:00:00,816786
bogmbase,2006-12-01T00:00:00,826731
bogmbase,2007-01-01T00:00:00,822978
bogmbase,2007-02-01T00:00:00,820044
bogmbase,2007-03-01T00:00:00,820914
bogmbase,2007-04-01T00:00:00,822978
bogmbase,2007-05-01T00:00:00,825698
bogmbase,2007-06-01T00:00:00,827158
bogmbase,2007-07-01T00:00:00,828938
bogmbase,2007-08-01T00:00:00,829602
bogmbase,2007-09-01T00:00:00,827418
bogmbase,2007-10-01T00:00:00,829039
bogmbase,2007-11-01T00:00:00,834315
bogmbase,2007-12-01T00:00:00,837192
bogmbase,2008-01-01T00:00:00,830632
bogmbase,2008-02-01T00:00:00,829527
bogmbase,2008-03-01T00:00:00,832999
bogmbase,2008-04-01T00:00:00,830234
bogmbase,2008-05-01T00:00:00,834675
bogmbase,2008-06-01T00:00:00,840175
bogmbase,2008-07-01T00:00:00,847018
bogmbase,2008-08-01T00:00:00,847628
bogmbase,2008-09-01T00:00:00,909687
bogmbase,2008-10-01T00:00:00,1136412
bogmbase,2008-11-01T00:00:00,1442251
bogmbase,2008-12-01T00:00:00,1666365
bogmbase,2009-01-01T00:00:00,1712014
bogmbase,2009-02-01T00:00:00,1561699
bogmbase,2009-03-01T00:00:00,1647305
bogmbase,2009-04-01T00:00:00,1753246
bogmbase,2009-05-01T00:00:00,1775104
bogmbase,2009-06-01T00:00:00,1683704
bogmbase,2009-07-01T00:00:00,1673598
bogmbase,2009-08-01T00:00:00,1710773
bogmbase,2009-09-01T00:00:00,1801165
bogmbase,2009-10-01T00:00:00,1936314
bogmbase,2009-11-01T00:00:00,2024608
bogmbase,2009-12-01T00:00:00,2026220
bogmbase,2010-01-01T00:00:00,1994962
bogmbase,2010-02-01T00:00:00,2115182
bogmbase,2010-03-01T00:00:00,2079591
bogmbase,2010-04-01T00:00:00,2014449
bogmbase,2010-05-01T00:00:00,2012331
bogmbase,2010-06-01T00:00:00,2002433
bogmbase,2010-07-01T00:00:00,1994298
bogmbase,2010-08-01T00:00:00,1993664
bogmbase,2010-09-01T00:00:00,1961226
bogmbase,2010-10-01T00:00:00,1961720
bogmbase,2010-11-01T00:00:00,1973139
bogmbase,2010-12-01T00:00:00,2017000
bogmbase,2011-01-01T00:00:00,2047917
bogmbase,2011-02-01T00:00:00,2211605
bogmbase,2011-03-01T00:00:00,2395330
bogmbase,2011-04-01T00:00:00,2496574
bogmbase,2011-05-01T00:00:00,2567185
bogmbase,2011-06-01T00:00:00,2648548
bogmbase,2011-07-01T00:00:00,2684801
bogmbase,2011-08-01T00:00:00,2657678
bogmbase,2011-09-01T00:00:00,2637680
bogmbase,2011-10-01T00:00:00,2637757
bogmbase,2011-11-01T00:00:00,2605420
bogmbase,2011-12-01T00:00:00,2619586
bogmbase,2012-01-01T00:00:00,2640764
bogmbase,2012-02-01T00:00:00,2694422
bogmbase,2012-03-01T00:00:00,2655219
bogmbase,2012-04-01T00:00:00,2639850
bogmbase,2012-05-01T00:00:00,2616477
bogmbase,2012-06-01T00:00:00,2618755
bogmbase,2012-07-01T00:00:00,2647752
bogmbase,2012-08-01T00:00:00,2650750
bogmbase,2012-09-01T00:00:00,2594909
bogmbase,2012-10-01T00:00:00,2611775
bogmbase,2012-11-01T00:00:00,2646809
bogmbase,2012-12-01T00:00:00,2675945
bogmbase,2013-01-01T00:00:00,2741743
bogmbase,2013-02-01T00:00:00,2845251
bogmbase,2013-03-01T00:00:00,2935036
bogmbase,2013-04-01T00:00:00,3011737
bogmbase,2013-05-01T00:00:00,3116932
bogmbase,2013-06-01T00:00:00,3201472
bogmbase,2013-07-01T00:00:00,3290898
bogmbase,2013-08-01T00:00:00,3398930
bogmbase,2013-09-01T00:00:00,3486920
bogmbase,2013-10-01T00:00:00,3589515
bogmbase,2013-11-01T00:00:00,3684563
bogmbase,2013-12-01T00:00:00,3717450
bogmbase,2014-01-01T00:00:00,3728483
bogmbase,2014-02-01T00:00:00,3833354
bogmbase,2014-03-01T00:00:00,3885877
bogmbase,2014-04-01T00:00:00,3930681
bogmbase,2014-05-01T00:00:00,3911525
bogmbase,2014-06-01T00:00:00,3948691
bogmbase,2014-07-01T00:00:00,3989084
bogmbase,2014-08-01T00:00:00,4075039
bogmbase,2014-09-01T00:00:00,4049189
bogmbase,2014-10-01T00:00:00,4001451
bogmbase,2014-11-01T00:00:00,3830424
bogmbase,2014-12-01T00:00:00,3934455
bogmbase,2015-01-01T00:00:00,4017103
bogmbase,2015-02-01T00:00:00,3840464
bogmbase,2015-03-01T00:00:00,4030632
bogmbase,2015-04-01T00:00:00,4059374
bogmbase,2015-05-01T00:00:00,3949372
bogmbase,2015-06-01T00:00:00,3919649
bogmbase,2015-07-01T00:00:00,3961217
bogmbase,2015-08-01T00:00:00,3984019
bogmbase,2015-09-01T00:00:00,4028486
bogmbase,2015-10-01T00:00:00,4060500
bogmbase,2015-11-01T00:00:00,4006700
bogmbase,2015-12-01T00:00:00,3835800
bogmbase,2016-01-01T00:00:00,3792700
bogmbase,2016-02-01T00:00:00,3872500
bogmbase,2016-03-01T00:00:00,3898400
bogmbase,2016-04-01T00:00:00,3872900
bogmbase,2016-05-01T00:00:00,3836500
bogmbase,2016-06-01T00:00:00,3825500
bogmbase,2016-07-01T00:00:00,3772500
bogmbase,2016-08-01T00:00:00,3816700
bogmbase,2016-09-01T00:00:00,3735900
bogmbase,2016-10-01T00:00:00,3572100
bogmbase,2016-11-01T00:00:00,3629800
bogmbase,2016-12-01T00:00:00,3531600
bogmbase,2017-01-01T00:00:00,3595500
bogmbase,2017-02-01T00:00:00,3746400
bogmbase,2017-03-01T00:00:00,3856300
bogmbase,2017-04-01T00:00:00,3821700
bogmbase,2017-05-01T00:00:00,3774400
bogmbase,2017-06-01T00:00:00,3762800
bogmbase,2017-07-01T00:00:00,3795400
bogmbase,2017-08-01T00:00:00,3910000
bogmbase,2017-09-01T00:00:00,3874500
bogmbase,2017-10-01T00:00:00,3829900
bogmbase,2017-11-01T00:00:00,3907700
bogmbase,2017-12-01T00:00:00,3851000
bogmbase,2018-01-01T00:00:00,3824800
bogmbase,2018-02-01T00:00:00,3855100
bogmbase,2018-03-01T00:00:00,3800600
bogmbase,2018-04-01T00:00:00,3727100
bogmbase,2018-05-01T00:00:00,3674800
bogmbase,2018-06-01T00:00:00,3650500
bogmbase,2018-07-01T00:00:00,3618300
bogmbase,2018-08-01T00:00:00,3584500
bogmbase,2018-09-01T00:00:00,3559800
bogmbase,2018-10-01T00:00:00,3520900
bogmbase,2018-11-01T00:00:00,3476300
bogmbase,2018-12-01T00:00:00,3400700
bogmbase,2019-01-01T00:00:00,3346900
bogmbase,2019-02-01T00:00:00,3353500
bogmbase,2019-03-01T00:00:00,3381500
bogmbase,2019-04-01T00:00:00,3286700
bogmbase,2019-05-01T00:00:00,3244500
bogmbase,2019-06-01T00:00:00,3274800
bogmbase,2019-07-01T00:00:00,3260300
bogmbase,2019-08-01T00:00:00,3271400
bogmbase,2019-09-01T00:00:00,3202700
bogmbase,2019-10-01T00:00:00,3252800
bogmbase,2019-11-01T00:00:00,3315600
bogmbase,2019-12-01T00:00:00,3426500
bogmbase,2020-01-01T00:00:00,3442600
bogmbase,2020-02-01T00:00:00,3454500
bogmbase,2020-03-01T00:00:00,3883200
bogmbase,2020-04-01T00:00:00,4844900
bogmbase,2020-05-01T00:00:00,5149500
bogmbase,2020-06-01T00:00:00,5002000
bogmbase,2020-07-01T00:00:00,4700400
bogmbase,2020-08-01T00:00:00,4807400
bogmbase,2020-09-01T00:00:00,4880400
